{
  "creds": {
    "noiseKey": {
      "private": {
        "type": "Buffer",
        "data": "wBHS5LoCK+08kBHnuQgm31n8BqLkJYZgJk9x4xWSBWg="
      },
      "public": {
        "type": "Buffer",
        "data": "Z8jkmaNg34jZD8BGRAhgJYpAHmLpA5u31GhuC+PVHEU="
      }
    },
    "signedIdentityKey": {
      "private": {
        "type": "Buffer",
        "data": "YAKbVZWHaMCrMW2s6+qInQcb3QOoGCCWiys9VmCokXc="
      },
      "public": {
        "type": "Buffer",
        "data": "iTqMKysmRyihc00RrweCLCrNAEEwgsKzhH/kc1kK0jw="
      }
    },
    "signedPreKey": {
      "keyPair": {
        "private": {
          "type": "Buffer",
          "data": "SKP3QXf2iyS6HwJou6uRofOaJp/qmq/PWIaUp/EVCX0="
        },
        "public": {
          "type": "Buffer",
          "data": "yRQK6QsgrgIkWUFgRVodv3D2ZxataG1tNfIFmmkdoCw="
        }
      },
      "signature": {
        "type": "Buffer",
        "data": "L87P4Bo2HEn6v77V9EhOiL2KzNhTirZTr+JowbETqYmrZqblTgry435/WCWTR78kcN9fcSu/JOs2Zi6uTuMcBQ=="
      },
      "keyId": 1
    },
    "registrationId": 132,
    "advSecretKey": "cCff6Em1OW44vR5T2nTEftlZbE80SvTvH010RhlLCD0=",
    "nextPreKeyId": 31,
    "firstUnuploadedPreKeyId": 31,
    "serverHasPreKeys": true,
    "account": {
      "details": "CPW5pioQvMuFkAYYAQ==",
      "accountSignatureKey": "n9JJdE3CjkZOPuhGaf2kAADu3UL7aDjD4yk/FFNARBE=",
      "accountSignature": "kSxIl6sx7YtDrmcOL74tItyuSCFkvj9OMkKHNbRvK6oU/gBTSpr3s1A9/aoAc1Q1lFFj0ym1D0FSBet1NmFqAw==",
      "deviceSignature": "VRcGJLgwgBy/SKhYEDKS3fiLgbPWt5kL3D3Gh6FsRFy78svWviLTrosEwpizlQXsni6Mf/BPQlJ/UG8gjxuQBw=="
    },
    "me": {
      "id": "6281224413305:6@s.whatsapp.net",
      "verifiedName": "",
      "name": "CornFake🤖"
    },
    "signalIdentities": [
      {
        "identifier": {
          "name": "6281224413305:6@s.whatsapp.net",
          "deviceId": 0
        },
        "identifierKey": {
          "type": "Buffer",
          "data": "BZ/SSXRNwo5GTj7oRmn9pAAA7t1C+2g4w+MpPxRTQEQR"
        }
      }
    ],
    "lastAccountSyncTimestamp": 1644258756,
    "myAppStateKeyId": "AAAAAObb"
  },
  "keys": {
    "preKeys": {
      "1": {
        "private": {
          "type": "Buffer",
          "data": "QPrTHv8PhNPJIcHRzSIyxD0GiJZdeWoYSkvdcF0oxEE="
        },
        "public": {
          "type": "Buffer",
          "data": "fMJYqZfPa5FiTkheI5MoOGTvTialRkZIvhRBElzj4Tk="
        }
      },
      "2": {
        "private": {
          "type": "Buffer",
          "data": "2HfgspniqAv9yRwZWSB9D5/FasKBO+VMumVUg3Q5IXU="
        },
        "public": {
          "type": "Buffer",
          "data": "HpEluu6d76+tomJOODqEEGTnBdCRcXhIJ7LjUbZy0xU="
        }
      },
      "3": {
        "private": {
          "type": "Buffer",
          "data": "EGHWuxM9HlKaKFtb4+tuG98omWW6VJ3WNNZAwBFY214="
        },
        "public": {
          "type": "Buffer",
          "data": "VqYMjI7sAse4Kf0LVquWjPE98dZDoJf7TXNjY3GXBSw="
        }
      },
      "4": null,
      "5": {
        "private": {
          "type": "Buffer",
          "data": "uDBO/DfuQYT0OTrzvLUaNRza/hdlRCQgrlYYpMvfNGw="
        },
        "public": {
          "type": "Buffer",
          "data": "sUFTrkCfIrIqrp/tvwfpIQzyrvseQqo+N1PwDjCf6RA="
        }
      },
      "6": null,
      "7": null,
      "8": {
        "private": {
          "type": "Buffer",
          "data": "ePbyOV8fSEGoBjdVSrtf0v4N8vIbRmaCD/FMgomqa3Q="
        },
        "public": {
          "type": "Buffer",
          "data": "uL6vyvUVMIgZDa8mv6LGqzMpU+7PGTPPNgmo/Hn64mc="
        }
      },
      "9": {
        "private": {
          "type": "Buffer",
          "data": "oLeHwge3VaP3uZf0xJUdOYm6Z9+JPF4LyP3r7F62h3A="
        },
        "public": {
          "type": "Buffer",
          "data": "k70VjJ4fZAjJHAG9CRAtu9Q1Rl/dWttvmLUDX85BZyw="
        }
      },
      "10": {
        "private": {
          "type": "Buffer",
          "data": "UCseHU/j+Ccw8tWOR6UXlDRtpeEnavsAX7Y/cKYO4XY="
        },
        "public": {
          "type": "Buffer",
          "data": "Yo8rIyt4OhJ9aOgsfI6dj1aTlX09yWiA0S55z17Lhmg="
        }
      },
      "11": {
        "private": {
          "type": "Buffer",
          "data": "YByD7nfqXJF5lAkiuSRASwNWWCFKGQo88/i9UKSbvE8="
        },
        "public": {
          "type": "Buffer",
          "data": "oOPp0o+UCwCkw7oUoR4OD9GPsHBAbdkuFeHxjyP3nRg="
        }
      },
      "12": {
        "private": {
          "type": "Buffer",
          "data": "CHtgUBHFI2cfLn6ieetoy/qznx6u6nWCI7muMhXm4nc="
        },
        "public": {
          "type": "Buffer",
          "data": "UdDmoIETft4BgG6Qc6ugRbH/qESbPFSgY2gOXb883UI="
        }
      },
      "13": {
        "private": {
          "type": "Buffer",
          "data": "QLiKnTi47k/VCTCH+Bky9sJGlqur/xcefBl1NdCLLn4="
        },
        "public": {
          "type": "Buffer",
          "data": "jUQZqb9QGeZCxmUU5nf7B8j4H4JWrULDuIE2M+9ldRE="
        }
      },
      "14": {
        "private": {
          "type": "Buffer",
          "data": "AKLOLvPnMih6ndbCKIqaemXhiQ3OP6VkniJKXWLeomk="
        },
        "public": {
          "type": "Buffer",
          "data": "cUnKYNS9wnv7dTjwe+8sIIe1X1Ye/diMb3p7SkwlAyw="
        }
      },
      "15": {
        "private": {
          "type": "Buffer",
          "data": "SLwsYPnCm8KCK86b7Pb1mH1acc4imlSoAHIFYBSo/k8="
        },
        "public": {
          "type": "Buffer",
          "data": "9Dio9DX2jOOwfnezEjrzDbEwqBmVk5YO0jUOzYxPLgc="
        }
      },
      "16": null,
      "17": {
        "private": {
          "type": "Buffer",
          "data": "2NuXReNl/+1h0EyoL9CwonZS/QbqYNonpXd4Wev6IkA="
        },
        "public": {
          "type": "Buffer",
          "data": "MCVbKPN6arG6mCBskpoGGm2wDrC6IpxkWG5OAz0wKSw="
        }
      },
      "18": {
        "private": {
          "type": "Buffer",
          "data": "iN3dYUIQ8JaKq/uYUjTDNnYsALlFlKIOi2xMubhjCF8="
        },
        "public": {
          "type": "Buffer",
          "data": "PJK5pkWKb1rCZrMnRf0RssnIwFOmTXkUoZpscoWklGw="
        }
      },
      "19": {
        "private": {
          "type": "Buffer",
          "data": "SFCjvluCoYPQPI5oHqqJ5c74MomnpdjxGDWLl2qNI0A="
        },
        "public": {
          "type": "Buffer",
          "data": "fd2qqcykuzOe6NLkNcGmq+bZNriZ653uUCL7UpUcdx4="
        }
      },
      "20": {
        "private": {
          "type": "Buffer",
          "data": "UMK/Fu38Zp/9QxDZ9+HAgSvBVf1eEd+ge+G0dFer8UQ="
        },
        "public": {
          "type": "Buffer",
          "data": "/S6HMYxxyqpDkqTD75XtIZnzqXOph/esNHblAAcWoB8="
        }
      },
      "21": {
        "private": {
          "type": "Buffer",
          "data": "wDWkjZ24+X7V5j7iFYtFwMa2kjt0v+omAVeI8rmdbkQ="
        },
        "public": {
          "type": "Buffer",
          "data": "WpxlitaV7bf4qN348DPX+yp7JvJgGZpARsz/b2/4+BM="
        }
      },
      "22": {
        "private": {
          "type": "Buffer",
          "data": "wF9pOKGDcgWQr/mGVoLaWhzcA2HYmDympMrjTolKr0U="
        },
        "public": {
          "type": "Buffer",
          "data": "P57cEAvEjXTqCGyIEeZ36sX2xituuVAuVuEVANTsnEg="
        }
      },
      "23": {
        "private": {
          "type": "Buffer",
          "data": "MHVLXxYuC92wT+gTYg9E4ApEW/dUl4oTAHsycRUAkUw="
        },
        "public": {
          "type": "Buffer",
          "data": "htkhcZnmWfa3JPtolVdB6Jv0AX3WcDTr1bNc9HWnlww="
        }
      },
      "24": null,
      "25": {
        "private": {
          "type": "Buffer",
          "data": "+JqeeGiQE332hDoRwxGjKLWHxFDnVh1pfG+nnbIX11E="
        },
        "public": {
          "type": "Buffer",
          "data": "+i+pysjcunuAduSyQxjMMC1159QkIs5Ti7IznoAPUVY="
        }
      },
      "26": {
        "private": {
          "type": "Buffer",
          "data": "uCkLyJ0KfApPeeo5ztmnyLVb3g2SZlgVP4zLMwWH2Vw="
        },
        "public": {
          "type": "Buffer",
          "data": "at+tuEAvJgdXBcltzv6aRfU27deQPzeSArCTQQiV2xY="
        }
      },
      "27": {
        "private": {
          "type": "Buffer",
          "data": "UFJocYRWvS+fXxArU2m5TZK8M7cnsFKE6vvjaWeucn0="
        },
        "public": {
          "type": "Buffer",
          "data": "3yNhIeA9zw6fgr/Km1/TyIApcFlb+5p2xwSYGMe8URI="
        }
      },
      "28": null,
      "29": null,
      "30": {
        "private": {
          "type": "Buffer",
          "data": "2D18XY+EG99uvRbpGYxwg0751+ZQOR7ZLHQJHC/qN30="
        },
        "public": {
          "type": "Buffer",
          "data": "QZGm5giwm2IO9cubsIVVCGdqaGQq1zbzf4bS/rV66gQ="
        }
      }
    },
    "sessions": {
      "6281224413305.0": {
        "_sessions": {
          "BX3riLy9Rki95/sMC88E0dDd1slyOQYs2w+MqdgnUjZk": {
            "registrationId": 80555233,
            "currentRatchet": {
              "ephemeralKeyPair": {
                "pubKey": "BWMFmp3m4jPUWdXmaaMkcvDqags/sQHSWXdrcqYsw9MX",
                "privKey": "oDGDhZZuGygeKuD57SW6UyvSUk6rS4Q3ob7AR7dvN3s="
              },
              "lastRemoteEphemeralKey": "BcwCGNySAUb4XnOf1LdaGHKmarYiJUZibtciy3WLCzpV",
              "previousCounter": 1,
              "rootKey": "brktuR4hLo5np2iu5NYNMTKjvY94T0XdoWcS/fXaYkc="
            },
            "indexInfo": {
              "baseKey": "BX3riLy9Rki95/sMC88E0dDd1slyOQYs2w+MqdgnUjZk",
              "baseKeyType": 2,
              "closed": -1,
              "used": 1644258952854,
              "created": 1644258758305,
              "remoteIdentityKey": "BZ/SSXRNwo5GTj7oRmn9pAAA7t1C+2g4w+MpPxRTQEQR"
            },
            "_chains": {
              "BS83eWRDKz7y6LXzuwcQ3fSEXPFCeQokCH/WQMeJRkRC": {
                "chainKey": {
                  "counter": 5
                },
                "chainType": 2,
                "messageKeys": {}
              },
              "BfpeMLLbIcvnc/UaqIpzB8jK1DG1z27M2S0u7IZMZpoY": {
                "chainKey": {
                  "counter": 1
                },
                "chainType": 2,
                "messageKeys": {}
              },
              "BSRZ564ppgMeNbh9K1srhQqKLCm6FLRYdjAtkdGjK1od": {
                "chainKey": {
                  "counter": 1
                },
                "chainType": 2,
                "messageKeys": {}
              },
              "BRD5UM7iklhtX8JTDlfHyJ/ijI6ybOrxRQlat2r+iUsK": {
                "chainKey": {
                  "counter": 0
                },
                "chainType": 2,
                "messageKeys": {}
              },
              "BZvNli3AvaRUY9YpLCfjeCCvDJ9H++b/w4KcMXfS/JIh": {
                "chainKey": {
                  "counter": 0
                },
                "chainType": 2,
                "messageKeys": {}
              },
              "BcwCGNySAUb4XnOf1LdaGHKmarYiJUZibtciy3WLCzpV": {
                "chainKey": {
                  "counter": 0,
                  "key": "CO7dSFttjeC0t0ikhQMfPeE2ClitKhlO1UeH6IxGsh0="
                },
                "chainType": 2,
                "messageKeys": {}
              },
              "BWMFmp3m4jPUWdXmaaMkcvDqags/sQHSWXdrcqYsw9MX": {
                "chainKey": {
                  "counter": 1,
                  "key": "ncvr72BFxNwx7X3rzEMSm0atkNwdwb7uir8A8T2S5HA="
                },
                "chainType": 1,
                "messageKeys": {}
              }
            }
          }
        },
        "version": "v1"
      },
      "6289695073357.0": {
        "_sessions": {
          "BXkmQihUEkojuX2r0qsXp6dk5HSn2zE0EavAKQY8NrNk": {
            "registrationId": 1348239631,
            "currentRatchet": {
              "ephemeralKeyPair": {
                "pubKey": "BSoCPYhaE/jUJeDePt4fFb+VImfGlCJR6iuXtrKI/mgz",
                "privKey": "IDI/pR3oj7TtPs2jV3dugi49/APWBtxp/FS9HyWPkX4="
              },
              "lastRemoteEphemeralKey": "BQThlKPzg2clCJRGc3N157etnj3oDlupkXe5PD6AXhUn",
              "previousCounter": 0,
              "rootKey": "tMSm7CHGALGuxDwPxadwO7E0pgl6aMcCHIdHg8BDAks="
            },
            "indexInfo": {
              "baseKey": "BXkmQihUEkojuX2r0qsXp6dk5HSn2zE0EavAKQY8NrNk",
              "baseKeyType": 1,
              "closed": -1,
              "used": 1644258781282,
              "created": 1644258781282,
              "remoteIdentityKey": "BZCQjSPGD6DZY9kvghxaOR3BoBxKzWm1JVw/0k8LrXNS"
            },
            "_chains": {
              "BSoCPYhaE/jUJeDePt4fFb+VImfGlCJR6iuXtrKI/mgz": {
                "chainKey": {
                  "counter": 9,
                  "key": "78YbE5oCUaCLnWq1ytJhua+MW7blhZ0NiYa4B2KnYHc="
                },
                "chainType": 1,
                "messageKeys": {}
              }
            },
            "pendingPreKey": {
              "signedKeyId": 2,
              "baseKey": "BXkmQihUEkojuX2r0qsXp6dk5HSn2zE0EavAKQY8NrNk",
              "preKeyId": 8601172
            }
          }
        },
        "version": "v1"
      },
      "6283143716780.0": {
        "_sessions": {
          "BaTIi8DsUbQ1xdNIXtLL4NkezXtkS94ixCZv+QNW4q9z": {
            "registrationId": 1353270076,
            "currentRatchet": {
              "ephemeralKeyPair": {
                "pubKey": "Baa8y9/aUfoXb58hzgAnJgfpzagCobGfbv+x4JVpvkkX",
                "privKey": "oC0El/zn4HlVmeVhFsXXqTw/Ma2reO7D+3Nl1Za9E0I="
              },
              "lastRemoteEphemeralKey": "BfNpAukSbVQEjCKDrlAdCW9N81Sydg4IYMGWrudCwdoO",
              "previousCounter": 0,
              "rootKey": "0FWwdymiBnf37f0Evu7Unanni2A5IZdEhMGw9EegwM8="
            },
            "indexInfo": {
              "baseKey": "BaTIi8DsUbQ1xdNIXtLL4NkezXtkS94ixCZv+QNW4q9z",
              "baseKeyType": 2,
              "closed": -1,
              "used": 1644258809466,
              "created": 1644258809466,
              "remoteIdentityKey": "BVopgOHKLYKq3HDTgdhCpw/hnUsucc0Gg/GM8mulHTxc"
            },
            "_chains": {
              "BfNpAukSbVQEjCKDrlAdCW9N81Sydg4IYMGWrudCwdoO": {
                "chainKey": {
                  "counter": 0,
                  "key": "rEALFaujnaNGazQao8t5xSkM6YfSdAZUzpoO0gemQtI="
                },
                "chainType": 2,
                "messageKeys": {}
              },
              "Baa8y9/aUfoXb58hzgAnJgfpzagCobGfbv+x4JVpvkkX": {
                "chainKey": {
                  "counter": -1,
                  "key": "cCHOoDBcPByx/JrajeXmCIxJZb9tFvy5aLv4GGbCOs4="
                },
                "chainType": 1,
                "messageKeys": {}
              }
            }
          }
        },
        "version": "v1"
      },
      "6283159678423.0": {
        "_sessions": {
          "Bah1uYlK4MvsUmhbYwApb+tk2d0IBguwF/gCGBUoacUL": {
            "registrationId": 1572355587,
            "currentRatchet": {
              "ephemeralKeyPair": {
                "pubKey": "Bd7LVappCr59B8Z/EfsC0TaFOwdmCovCfi6PwWyYdc44",
                "privKey": "CMWY9NyIh+OWoSnA9fd95DAWmLG7csBGjbZ3I59vL2M="
              },
              "lastRemoteEphemeralKey": "BabRolt1+kEyZqk/LnJq5JyQZTJ5hG6kyc0w61mV3oQU",
              "previousCounter": 0,
              "rootKey": "R099qDZ5yYVrOfGkLtCty3Nqf8ks/OUkEIEvFZFv9k4="
            },
            "indexInfo": {
              "baseKey": "Bah1uYlK4MvsUmhbYwApb+tk2d0IBguwF/gCGBUoacUL",
              "baseKeyType": 2,
              "closed": -1,
              "used": 1644258818375,
              "created": 1644258818375,
              "remoteIdentityKey": "BWrfoyw9W9mItd/RSbMFKCQl8/f0zXMD7PXVy39cucR+"
            },
            "_chains": {
              "BabRolt1+kEyZqk/LnJq5JyQZTJ5hG6kyc0w61mV3oQU": {
                "chainKey": {
                  "counter": 0,
                  "key": "DicWsaWYZPet+LMajF04cd7DgoLstCEic+i3RY/Qgy0="
                },
                "chainType": 2,
                "messageKeys": {}
              },
              "Bd7LVappCr59B8Z/EfsC0TaFOwdmCovCfi6PwWyYdc44": {
                "chainKey": {
                  "counter": -1,
                  "key": "vAsJafIAwxGMtAi02ORM8YDELakcs3IrwrDQqWklW9U="
                },
                "chainType": 1,
                "messageKeys": {}
              }
            }
          }
        },
        "version": "v1"
      },
      "60143017832.0": {
        "_sessions": {
          "BeREyyi6ZZW9uTMZGAKSHoT8DSOTSEYUmrAQDmpx7yUe": {
            "registrationId": 3260578,
            "currentRatchet": {
              "ephemeralKeyPair": {
                "pubKey": "BXqFyjHDxZ9ZDzan1h0PY6iSduYJ/6Y3WXIuvw9jAdkN",
                "privKey": "sEPVhh/URMdIDsxBICOdHfYs5yX/xEYXBj7x4Uju0Fk="
              },
              "lastRemoteEphemeralKey": "BYTSuJ1OEgausENgwPuaIAM1JXB4lDG8CB29pQpKWVpU",
              "previousCounter": 0,
              "rootKey": "/k5LJuBIiaX718tjmcSJgcksQLc4m+eOhH0LvzKiVZE="
            },
            "indexInfo": {
              "baseKey": "BeREyyi6ZZW9uTMZGAKSHoT8DSOTSEYUmrAQDmpx7yUe",
              "baseKeyType": 2,
              "closed": -1,
              "used": 1644258881382,
              "created": 1644258881382,
              "remoteIdentityKey": "BetRIoTq9XtbzMt2fQLOkhcoD564ZcNjFUWpEnRASNZ1"
            },
            "_chains": {
              "BYTSuJ1OEgausENgwPuaIAM1JXB4lDG8CB29pQpKWVpU": {
                "chainKey": {
                  "counter": 0,
                  "key": "nFTpiOfFnWeBHgkZ2YtdXamobHpqWc5EdvepMPGfmIQ="
                },
                "chainType": 2,
                "messageKeys": {}
              },
              "BXqFyjHDxZ9ZDzan1h0PY6iSduYJ/6Y3WXIuvw9jAdkN": {
                "chainKey": {
                  "counter": -1,
                  "key": "tARQMGMJmR+IYoN2TEky6gCwbuHFaYkdNBi4hu+mT1A="
                },
                "chainType": 1,
                "messageKeys": {}
              }
            }
          }
        },
        "version": "v1"
      },
      "6285290030984.0": {
        "_sessions": {
          "BYRrSUpa9u/i+d5IRIsB8uCwLE2duqjjeHWOr7b74z4R": {
            "registrationId": 403409205,
            "currentRatchet": {
              "ephemeralKeyPair": {
                "pubKey": "BZ418sH0D5eEV4s+MOgFeDaamk8u9LY5VZd9+xDEwyYY",
                "privKey": "AO0JBZpnzi/DXAxHhYszcpUMr1j41lrJ52FReC0OGno="
              },
              "lastRemoteEphemeralKey": "Bd++a4iMDzjmhQACb++Z48ywu364TnPMDiQ2A6k5bQsy",
              "previousCounter": 0,
              "rootKey": "xN54fN2Oh8+UKIo6jDwBKB6qdYHF7ZsdVQ4TztNBtv0="
            },
            "indexInfo": {
              "baseKey": "BYRrSUpa9u/i+d5IRIsB8uCwLE2duqjjeHWOr7b74z4R",
              "baseKeyType": 2,
              "closed": -1,
              "used": 1644258883903,
              "created": 1644258883903,
              "remoteIdentityKey": "BflFv17PmJmkJjOvqwNiNQ9F7RqWIzuwvfCaxD++Imt9"
            },
            "_chains": {
              "Bd++a4iMDzjmhQACb++Z48ywu364TnPMDiQ2A6k5bQsy": {
                "chainKey": {
                  "counter": 0,
                  "key": "23FWtWiOU6dUz167Be2xK+AXthGC3vGSHSO2hL99WZI="
                },
                "chainType": 2,
                "messageKeys": {}
              },
              "BZ418sH0D5eEV4s+MOgFeDaamk8u9LY5VZd9+xDEwyYY": {
                "chainKey": {
                  "counter": -1,
                  "key": "kUBWfox+R57vnmWHBMMn2ukpdGPKs+reZ1ATl1R6qp4="
                },
                "chainType": 1,
                "messageKeys": {}
              }
            }
          }
        },
        "version": "v1"
      },
      "6285363034882.0": {
        "_sessions": {
          "BUs9Rf94G2QTZaVg+GK6V+Ybg3wFA30x8W8dFOSfUnhs": {
            "registrationId": 900509788,
            "currentRatchet": {
              "ephemeralKeyPair": {
                "pubKey": "BTAhWmO19Q+Fro74vz9l90D35cZchY28aCadDVXOwONe",
                "privKey": "EDEvTYhxhtTZlPSZgEG+RFfWG65xoYykvsf47VQnG00="
              },
              "lastRemoteEphemeralKey": "Bcj5z3OfCZU4tKxI8JcR3YLD9TlhXYXbw5VwLUYojUdN",
              "previousCounter": 0,
              "rootKey": "CObPRX+fWyRU9X4FmfUPWsSzD/90e3KD5u2iglbit98="
            },
            "indexInfo": {
              "baseKey": "BUs9Rf94G2QTZaVg+GK6V+Ybg3wFA30x8W8dFOSfUnhs",
              "baseKeyType": 2,
              "closed": -1,
              "used": 1644258908712,
              "created": 1644258908712,
              "remoteIdentityKey": "BRz0P2Hxbeszqu9yHNScWCGoBnSNfRZfu2QjMGdmRbda"
            },
            "_chains": {
              "Bcj5z3OfCZU4tKxI8JcR3YLD9TlhXYXbw5VwLUYojUdN": {
                "chainKey": {
                  "counter": 0,
                  "key": "p8HzuOEhW4sgyj+TB0ifyLXnOfIDYdHM1JVcfuIbTyQ="
                },
                "chainType": 2,
                "messageKeys": {}
              },
              "BTAhWmO19Q+Fro74vz9l90D35cZchY28aCadDVXOwONe": {
                "chainKey": {
                  "counter": -1,
                  "key": "cyul1FEZgqRI6bi68FzHFL2EDEwpNmY9gSmbNPdAqz8="
                },
                "chainType": 1,
                "messageKeys": {}
              }
            }
          }
        },
        "version": "v1"
      },
      "6289687914671.0": {
        "_sessions": {
          "BRuOSV/QZ9xD+8qX+cIhWjaqW5975eGYiBziXj3ti+ca": {
            "registrationId": 1054322798,
            "currentRatchet": {
              "ephemeralKeyPair": {
                "pubKey": "BaNzOZy/MYZsujR7OhTlYRWTQsQg+wMq6Kcj+i1MvOpP",
                "privKey": "AB36I3NUFnhbynOuBB77O1BanaWADPWdCeG1zBqjelU="
              },
              "lastRemoteEphemeralKey": "BejKdlB/W8fQYzALMFfyA4oTs8h0pvPEgevsFPvSnItz",
              "previousCounter": 0,
              "rootKey": "h7O3CBx5aSNmLQO7VoWvv+yRvDhE+RTwbeeUcuSLJlI="
            },
            "indexInfo": {
              "baseKey": "BRuOSV/QZ9xD+8qX+cIhWjaqW5975eGYiBziXj3ti+ca",
              "baseKeyType": 2,
              "closed": -1,
              "used": 1644258944861,
              "created": 1644258944861,
              "remoteIdentityKey": "BYRQTLO6PneA+vGPDzAQE+I/K3QFf3lclsc63UvbGdNt"
            },
            "_chains": {
              "BejKdlB/W8fQYzALMFfyA4oTs8h0pvPEgevsFPvSnItz": {
                "chainKey": {
                  "counter": 0,
                  "key": "C329DfTnVJ3vEDXVoicbnXJ0yA1bvmQ43xvg29VrT54="
                },
                "chainType": 2,
                "messageKeys": {}
              },
              "BaNzOZy/MYZsujR7OhTlYRWTQsQg+wMq6Kcj+i1MvOpP": {
                "chainKey": {
                  "counter": -1,
                  "key": "c4g/Nt26bEhzvEgY6s8rFRqgWvv/Dv+6fAnrIFwavrI="
                },
                "chainType": 1,
                "messageKeys": {}
              }
            }
          }
        },
        "version": "v1"
      }
    },
    "appStateSyncKeys": {
      "AAAAAObb": {
        "keyData": "JiDCrGFPYDn59EyUavZocaYPW6d4CtqATS2Zem3n9pA=",
        "fingerprint": {
          "rawId": 88710389,
          "currentIndex": 1,
          "deviceIndexes": [
            0,
            1
          ]
        },
        "timestamp": "1644258760216"
      }
    },
    "appStateVersions": {
      "critical_block": {
        "version": 1,
        "hash": {
          "type": "Buffer",
          "data": "09YBN30Wq875tzs2qxUkPpmejDzLJrRLkZJ07w9/htKa54/ABiPjiVvJHdfde3HKMvnXerWdDiLCikPnOBa9fQDwJ7sTy0knsV04aPj98zUQUKGOY7ESg+Q6HJ6jvQ/MC9irwYcmpspBP7CCdwRGesu53LQdlWA3h3Q/folLbcU="
        },
        "indexValueMap": {
          "J5/BLNnA0VJpy9yEB0I2lA+ZFITIiV6et1bJTz4K7Z8=": {
            "valueMac": {
              "type": "Buffer",
              "data": "fx4cpYdwzRtOLTgcYzcR4fMlk8BgFeowY9lI57oQsbs="
            }
          },
          "Gw8ZOS7WG4jk00FejKMLFsov64ZKlngmIRkf0zM2LvE=": {
            "valueMac": {
              "type": "Buffer",
              "data": "TORBUqk7ya7YkwxfcDcMd96UlW1sCVY4jLW0wSZGA+A="
            }
          }
        }
      },
      "critical_unblock_low": {
        "version": 1,
        "hash": {
          "type": "Buffer",
          "data": "BXYuaAQlwTx5iEdGR3RvRTfNnU3QejOjrLhyzad7Q0aJnwLAdniafxfQrnijYY1W94g8gDR2mxcl51WzL/EIWaVuqaxlEOwsAYhXTwwpmXdA74PIJiWyJy7T1SJiF7dfXQUuMZwRKcCe2ljpL4s0OIWA9xp4ocVs5PSHSDHc99w="
        },
        "indexValueMap": {
          "ybTRKxErk1ejF3Vd2pgN2+QCTh+bKh4eUUq6ahrRjTQ=": {
            "valueMac": {
              "type": "Buffer",
              "data": "swEOPWDuuxjrnZ6COWVz+Sxjkw29SLw2I/5CTuq1WR8="
            }
          },
          "Pj1BafKjZT1DZWL5SubYaOjF5xapBfp3nqBa1nZLpf0=": {
            "valueMac": {
              "type": "Buffer",
              "data": "8udtH5q71PtNjIhVSx153A0KNzw2zv0Cg8taoXGItHU="
            }
          },
          "OcnArE4Jv1PGcml1hzivhRrh1/R5SEHOUmR4Y80BcHQ=": {
            "valueMac": {
              "type": "Buffer",
              "data": "0lD2DRrcTqbSN8eImJV10Ifs318dxBvgeKwGgEMYsak="
            }
          },
          "RObJyPMr6HEA7L3ubCw96SarD23KFPotnXr+twWhe4o=": {
            "valueMac": {
              "type": "Buffer",
              "data": "rpROGRzUlVhkEcRJF8PLaOq4PAwc+XtdBIo07UrFZVM="
            }
          },
          "6UPyBsfOBUqaAVmXjER7yhRbvTZIgQ3K+XX+4+Vp0KE=": {
            "valueMac": {
              "type": "Buffer",
              "data": "mZeqKRuGxoruFOVY4tzRaZcB8BxT5CZKzeA4TT8cQVI="
            }
          },
          "P++sm8VN6n5duUHaflMR+Vkf+599l1ZNrM4iRK2dTHo=": {
            "valueMac": {
              "type": "Buffer",
              "data": "dcc/j1oH651Jay1xQKMfJnhDOXtCUcK0CcPZViufWiQ="
            }
          },
          "lOAwl9jLBIFEMBSxzv1xvGccjfQu5b/mKkumiU7kWQ4=": {
            "valueMac": {
              "type": "Buffer",
              "data": "OmGsHzCsNGHDDABGnU0WTCcXKQxAG84bzwXObsx/m5Y="
            }
          },
          "DQ7JV7f/BH9uk+8axqsUdodQ4sjovytkW9TgQr+6I7I=": {
            "valueMac": {
              "type": "Buffer",
              "data": "OvkBvfp/UDf5sPKqC8qvS/sPH0nrKmI02rm1ZJr1uoc="
            }
          },
          "JPMh5eyo8rk3KMxH1sEFPBn9k/5/59oMND3HxSW+Ozk=": {
            "valueMac": {
              "type": "Buffer",
              "data": "gi3yK7IA+cWdQ0OnvFWj+xqtnI5OtiMw6t86+Ac/CNw="
            }
          },
          "rH4807koPQpkb18FMlxwV0R9z9mPtwP2pq5VptK5iqc=": {
            "valueMac": {
              "type": "Buffer",
              "data": "wswrT7WLqkao/5BSOX0nswBFmyrGoVev8u5yYp/gAt0="
            }
          },
          "DMcfuxXOP8ALksSN7CcYEWlI9cIJtiUXnzDGuG9wRkM=": {
            "valueMac": {
              "type": "Buffer",
              "data": "aPiu/vFWqcNu22R+JWXzU5jiGlyVeDUYegEdFfRR2gA="
            }
          },
          "/vFKi6YP2EFQe1uYYehbm84SwKobVjZGFHn7ifq13sE=": {
            "valueMac": {
              "type": "Buffer",
              "data": "BYiz0uQnCFs2PxELxdL1Y7HRfLglMnKcgRpdWBMEE9U="
            }
          },
          "6D/Y5wcItVQ8XLeqAsxGunTShrlz2iUQbXJXhV6uYxE=": {
            "valueMac": {
              "type": "Buffer",
              "data": "BRbvjEpIPI58sXByuYbjeR/xSn6FmI7G19FqJ4WV6e8="
            }
          },
          "cvk4ivGHKbGc09CQM69EdPbfZ++UeFH2L5OTOKd7lPY=": {
            "valueMac": {
              "type": "Buffer",
              "data": "N1pCDwHR0TI+eP4zRmlJhH6AgyMR1JAsv5ECeAKoonQ="
            }
          },
          "yElDZnxfGSt+Vk7sluZwFI1anfJCCF9QHVrh4WXqNgA=": {
            "valueMac": {
              "type": "Buffer",
              "data": "NPYNzW7xR9PP66SqAbweL9ObxVRF9h/7C7vFK9XUrNw="
            }
          },
          "snXGCpArNu/jVOEphFVvlTDsM4UXzEeQ4sFQLl/l39U=": {
            "valueMac": {
              "type": "Buffer",
              "data": "zLfDg50BMcvoj/g1ApnHk3EaJYomclNksDyZOgAlc6Y="
            }
          },
          "qtvRHKjMmVcUza8NoXLHUIeFSzqEKWfJSvRKHtVB7Ro=": {
            "valueMac": {
              "type": "Buffer",
              "data": "jw59dB/Qm3NAw1FCfFzAzWhDjLlQniNcxtBPw/7dfpM="
            }
          },
          "q5yOCdFDUPQlufJT7LHl6keFuytZGc75OSZDt/ZutU4=": {
            "valueMac": {
              "type": "Buffer",
              "data": "6PPvGXsEMh77gS1n/MozFMRRfdH3yxUo4E9V1jFuHSY="
            }
          },
          "Cmy9p3gRHagG83mMyA7mZKyu9r1bcZEyaS0r4eDoMxQ=": {
            "valueMac": {
              "type": "Buffer",
              "data": "MFDJVT9qAHQQWvffdos1oMLuzyGnTXiupWE3zZIblxE="
            }
          },
          "fFB6MiLCfIvAEreeienvrQGTn1yWOQUWxxBPfzY8Gqc=": {
            "valueMac": {
              "type": "Buffer",
              "data": "HlHBo38wTwPb41PjyHWMI71S5bMC1qDFJFWysAL5as0="
            }
          },
          "mQQDdE+tr2Yq9BweKn6T+1Cyy0nSDYAMNFhvICghAAQ=": {
            "valueMac": {
              "type": "Buffer",
              "data": "GY3g8oH8wxDjvCIFEPOCyaAim0Yidm+7pREegyvLTI4="
            }
          },
          "wA5oATfrGHDqTKjnWelsOEyNmBHIajZCRDKcYGud6so=": {
            "valueMac": {
              "type": "Buffer",
              "data": "FQOZFYK/3ZGHuvA7R5Vg4mVu+clrpM6zFQPmHXvtIxc="
            }
          },
          "BG1+UF9AIjJb/0U/sk2OmwnUeoeVo2sQkmcOZwdvmuA=": {
            "valueMac": {
              "type": "Buffer",
              "data": "QYRQSAS5edfnBoz+Yz9IV1lu9QjLlYe3m+sZ/e+Iwes="
            }
          },
          "oRmtbJ0iFpPQZO6pvVMA7pru3rxATabbXhumjDykBBg=": {
            "valueMac": {
              "type": "Buffer",
              "data": "SdLIP98ob1wrbkAMwLI38ZgBrB9OaWSML+RsN+Wg+P0="
            }
          },
          "RrAYkHuYMBP7424WuwLsDrksLrQDaPQl86rgUjGijCI=": {
            "valueMac": {
              "type": "Buffer",
              "data": "cBTpG/TotjgSVN7RB5DCbUSHyJkHnRE4UuOdM6SS8yw="
            }
          },
          "fdcOPbP9rN0wUmR5ttHtRraj9Kd7/Tr3ouVGr45h5jA=": {
            "valueMac": {
              "type": "Buffer",
              "data": "oggCMoSCPrKMGXMwJqeKxejD4gYRpPhVXA4A3P0B1bI="
            }
          },
          "+Z/PIDvU1le7TPmC6JDumOpk5nqdZCi/13kzpA44Dqk=": {
            "valueMac": {
              "type": "Buffer",
              "data": "PJ3yCQ1kvBcYG8njWUJgTA3BxX15VDisa4qjWQXAtnU="
            }
          },
          "jY7N3mbKAJK2ca6ChccT2y+gktfW7E7xL2ryrS7ZJgk=": {
            "valueMac": {
              "type": "Buffer",
              "data": "tj7FPf8WhlzTlqcwz02nPNUU8PNR59H7hAhNClwhYL8="
            }
          },
          "UzaRPKPcn//o2C7o+c76Rcgb8Hd3+8a+2ahz+24oSAA=": {
            "valueMac": {
              "type": "Buffer",
              "data": "QnbOBiyEnu2wIDG83L41zzg+3uddioFkh6X7fX/I08U="
            }
          },
          "CJbVPCSlrJvmLROzkIEzlpMiGUY8poJbQ/OhwUCQpM4=": {
            "valueMac": {
              "type": "Buffer",
              "data": "NvHNGk/9o5TSbrEsD1UhO/9UKJCHlVm838Y6MbtkS80="
            }
          },
          "BLfYjy5Kn7qtCA2uM4uP7alv8PzQqyg5YbXrfDNYAek=": {
            "valueMac": {
              "type": "Buffer",
              "data": "3dBNg15kK7WaPDV7IRAlYdx16mScooc1MPstGMifueI="
            }
          },
          "XJaJDwlBvQLe85o4LDxh4Q/8bBUl1QODYqDVVeEmyaQ=": {
            "valueMac": {
              "type": "Buffer",
              "data": "tYdzpWwaRhPAFCwh9g0rHiuWi25U4lvsVsH+7JRZzqU="
            }
          },
          "9Z9k0F1TY7W2rJxTwsUq62Nkvhlz0dYD2q8lTsrS894=": {
            "valueMac": {
              "type": "Buffer",
              "data": "cHtCuoPy/03cb3cWHybabuRmFvyeMD6Xw2rTqXhEEvA="
            }
          },
          "JIk3PgXidtqQHBi6GVUI7aAE4YGn305QAZzLPDJHxdA=": {
            "valueMac": {
              "type": "Buffer",
              "data": "TlFWo7jFgIBY4Giy8RQ1xweHq+XAddqCIMNLNf00cFg="
            }
          },
          "PjuOXozyT7L3XAlcvZe/Jo2F4T5Q2iGA1hHsGV4cKP0=": {
            "valueMac": {
              "type": "Buffer",
              "data": "dY0P7qakmlah3W7Aitytts6uUhrYe+gKXY/3bUdWG9Y="
            }
          },
          "+W3K/pZePtS+5bDblz21lRh7cjb6KUN8TFUJUS2ehC4=": {
            "valueMac": {
              "type": "Buffer",
              "data": "QKKetBWEJDVsobqke1bOcQ1JI0PbHCCi4GLgcVXDJh8="
            }
          },
          "PkhqE8MYm2OgwoOLFhFSI+78ao/c5XFuA+QyN8RLp6k=": {
            "valueMac": {
              "type": "Buffer",
              "data": "0JeyQg+6yIt61DKhzyIi6BN/gX0aATTSdygUdEzRHHY="
            }
          },
          "wcdx6BJi8KxYgkzzVOBsiARtoJcRB/JM9ev8/5aGlWA=": {
            "valueMac": {
              "type": "Buffer",
              "data": "EZBncVC9viYfjAUCQIiL0oD3oWOEj1cc++dctzzdYwE="
            }
          },
          "CjCpszoqQ5eylY9PqORbScOb3yvV2a2GV6AgDVnOiFk=": {
            "valueMac": {
              "type": "Buffer",
              "data": "A/Av/UTIAdUX1rtWEHAM75kPGEX49LKIHwS6qJUJxHY="
            }
          },
          "Xi8/54h7qeK8SYlKeSSNp3TWXS5fWZnkwYLv8uTz8w0=": {
            "valueMac": {
              "type": "Buffer",
              "data": "0TQuYxIR9sp7XoknBLeUKuMDyXPYh10WXWYbex3hsr4="
            }
          },
          "EFFVPCfsyfyOX4byugXjoKPAsvhpcvx1a+7d7Yecjro=": {
            "valueMac": {
              "type": "Buffer",
              "data": "ccSvdqOEFx6PXUZ/RAE8ElBr7RC/B9Vr2DtVwZrCW/A="
            }
          },
          "RyFXGJsFn3CcoQH7Wj3klLAz+643TQNA0kwG1sb/pAk=": {
            "valueMac": {
              "type": "Buffer",
              "data": "IaRtG8S9QKZjjVYFfZ3UUNtVfE/Hi4/UleJNH05ziNI="
            }
          },
          "tga6GkF78abMimyOIeUW35+TFrhlMo/hXJ7c+gh1BTE=": {
            "valueMac": {
              "type": "Buffer",
              "data": "/eoLiIn7u+VMmfZn2rXfyVI9cHc7B3O8YgllNlOt3dg="
            }
          },
          "T1WdrhCHYzzeNQRstlVwG+cQPJuxQ9z8J9NjXhaNjc8=": {
            "valueMac": {
              "type": "Buffer",
              "data": "yxyFa6rwYSJBDO4/xOI06Ue0g1XDMv+yzeN5R99HrHo="
            }
          },
          "eRTGzy+eBScf0WYrLZ1IqdUHLjnHfx+F1xmQo0IkJ/s=": {
            "valueMac": {
              "type": "Buffer",
              "data": "KG3vUEAWD6pvQJv9Pt3OGuF3YGR0+VKiWkHUwZRJ8yY="
            }
          },
          "1PI1y3aBZ8+KRnu/oIPqG/GgUuWdnoZhDT6hrdPakAk=": {
            "valueMac": {
              "type": "Buffer",
              "data": "SPlgqg0KeEyzMJRR9USHC8xrb02u1POdyAWOuIBIK4w="
            }
          },
          "F7McliCHQ1whtpWThClbkCQrpOl9KyGdLvFOHk+O+AY=": {
            "valueMac": {
              "type": "Buffer",
              "data": "+sR69ZTramZJqMfRNIF4V+t1I2jN1kaE2/0v5cQCePk="
            }
          },
          "uP5LVoVbnoj6t305TX2QqNGf7npmd2YuR3d+Mr/p6hc=": {
            "valueMac": {
              "type": "Buffer",
              "data": "hog+MylJZ3r1Pkl+864POpuBsT7pdX4z5tkBA+JWIjU="
            }
          },
          "lagCTgD0ff8Yh1CTDVCG2ywH8sa3I1pIjjedy1wnokQ=": {
            "valueMac": {
              "type": "Buffer",
              "data": "5QVku4wjM/W8AiqpuKoTIaybqMP2SxsNxSotpgiKwRI="
            }
          },
          "aQryA/dYKx9g98QjFH+0uZJzSR/HSMtQF6/Hh0RaQK0=": {
            "valueMac": {
              "type": "Buffer",
              "data": "iUCjDYA6UHJbcAP/Wwm/MuPNXkddo/RmXPytF1YKe08="
            }
          },
          "1I2O49nsAmOl1UVbNtuIv3pgEFfR6IfnyqT8VNKLH5U=": {
            "valueMac": {
              "type": "Buffer",
              "data": "oP8sfeKxe24x8Xaqjd8n2InHJRRlT6nYNAKJKaoW8LU="
            }
          },
          "0EuBk3AIBjtQyKQ1PfDSJOSU76Zr1/4iONINPyRfa7M=": {
            "valueMac": {
              "type": "Buffer",
              "data": "pDmgHpQuQWNgy8WF/+V8971JAma870btk0wkQPrGL10="
            }
          },
          "i31kCqgzBRcr/PJfQzSnDFQibpjk54sJcrq6NvpqWpw=": {
            "valueMac": {
              "type": "Buffer",
              "data": "QDfpKW63jUhd124a/La4N3tjnNC8G83Y+2miA+cUP5U="
            }
          },
          "cc/dJ6U2FGvHVTZUPTxKCwPc4Vi5TslMykMDYZd4omc=": {
            "valueMac": {
              "type": "Buffer",
              "data": "qikR0b3XQLM9QaTLUkrKLdMhLW4UqMB11ML3oK0erEI="
            }
          },
          "U87Hcr5+xoBHK7IiMRQe5Vx0FxBZ2yPgnlDOI0EPWLI=": {
            "valueMac": {
              "type": "Buffer",
              "data": "0LZNih+ZARl4ONvkz0Ql1Z9kKN6eeEIvL1DBw4fDl1A="
            }
          },
          "gnJ+YW0TtSxDVZjd44qZOepbuC5cPWeKJ+kbGzUaOPA=": {
            "valueMac": {
              "type": "Buffer",
              "data": "sJD/mFggYBzuoMncS+9aDNYUSB6Njook6pCPxp6u9RY="
            }
          },
          "kmPz3w1cQduObulqj26+R6iEVCUH75SC9Zl/W0ZFFZo=": {
            "valueMac": {
              "type": "Buffer",
              "data": "P1ui8BykINpZqghFDBFfkmss+keC+VoSUkfV6+f2M8w="
            }
          },
          "O4YZelNXU2p192JiuumFbXSgw93DWB2+CFNgaMxyCh4=": {
            "valueMac": {
              "type": "Buffer",
              "data": "RZx4BhugWFv1pX6LSuqUkMv4cJ46GQrkwrFgEXc76vQ="
            }
          },
          "3Y6uBxWzPQATvYmskcHYbx07K1YDqICHV9nXPVXyhc4=": {
            "valueMac": {
              "type": "Buffer",
              "data": "8qtIZoutjIXZzmmvLP2Qy2IHU9ZF/cl8EoOEErZVAT4="
            }
          },
          "5/WVngzTwonqsZSA3ScuGdrmrvmAKjttw/VOyBt9574=": {
            "valueMac": {
              "type": "Buffer",
              "data": "l530Qtu3G/DXRsdNgSLts//CqPW91v4Gm1KCVV71CDI="
            }
          },
          "OPPeTLG6cI7TauABh0ISqbKL0N0VFCbC2+CCGDe3AQ0=": {
            "valueMac": {
              "type": "Buffer",
              "data": "PtL2i2uZ4PmaHvxM9VmDp73Tik1PmxeaheHX4pyayVQ="
            }
          },
          "1PCocwk/zdezrotw8O6MhGdYsE2FpDf7xoGbLyv20LQ=": {
            "valueMac": {
              "type": "Buffer",
              "data": "gs1Igrs5UuRlbjMbpJNG+9CE3TChbKU0X0URzLxuOAQ="
            }
          },
          "UR425o/R493j/bDyreyTmOjzGotArEAddZLeE8rlHx0=": {
            "valueMac": {
              "type": "Buffer",
              "data": "k0vunpKNxTf4zjSjA4mLYbeSDjyldyFdXzSeyhzZoVI="
            }
          },
          "SiO4br3Rr8NzhbubyMoP1H+mqFWTdP9F8QvOWXtHO+w=": {
            "valueMac": {
              "type": "Buffer",
              "data": "+EkRyJTJ3EFpGoc/5Ab8t/M1oCTaA164GA/t151WPWs="
            }
          },
          "Bzx2sxiqnDUJnHdWeeI3HrmMyYXzbJSuDb7aeE/U7Is=": {
            "valueMac": {
              "type": "Buffer",
              "data": "9ejCXk3AApmAVAEKKJX8JPa3B9xXBKDDARBpVMVb5Yo="
            }
          },
          "FOIrFhdJpNR530xqOXfqvAOq1KI6UmPB4Vco1MWgKOA=": {
            "valueMac": {
              "type": "Buffer",
              "data": "sTpU1Xb/ek/7jxRMNWO1hCqaEpWvQnDUUUdiSbUTrho="
            }
          },
          "2No05uHaci9ly2Eopd0aNpI2j9PWHfO/3P4jVA/bpno=": {
            "valueMac": {
              "type": "Buffer",
              "data": "xGbP+4UxYgLnU0V3xeVNFb5z1UEw8WP54pPNt7prRxc="
            }
          },
          "3arbH1DJedoj2y0vFhveVO9JZVDnUCiED2MaCq+zcJI=": {
            "valueMac": {
              "type": "Buffer",
              "data": "gyGU96MLw3xpuZpid2zrVPpgVp0akxJfGZsZOVjeE+s="
            }
          },
          "/AHRzp+rITddTjB2vJ///aY4qJjpUmmfg3UQOaAzwEw=": {
            "valueMac": {
              "type": "Buffer",
              "data": "3bxEvVXW5JJ5sdgKjt6n4lhh2PXM0kSoMI5jfyZQ7Lk="
            }
          },
          "T1RPe2nyrZKMRMJwrISamabRDhyo+uVVqgTmirBiYBE=": {
            "valueMac": {
              "type": "Buffer",
              "data": "7+Gwrn4qhG9whQS6oO9kuLmlS16HyhuGKT34x70LS2Y="
            }
          },
          "pc/K9lPlu83hpG+GBzEeX9ahvBYmUnJnO9x/+C4o/Pk=": {
            "valueMac": {
              "type": "Buffer",
              "data": "ms50iXXiRkBiCF3Nb/+S+R7sTF+Ro2HBcl195gIU6Rs="
            }
          },
          "O8vJ91CYPSaJNqWuCDuvViRj4LHDS1eiHVZKRQ6BxGc=": {
            "valueMac": {
              "type": "Buffer",
              "data": "ZXOywe/f6A+4wnPAamQ0QtZxQ3UUjT3zAvMFJnMHw7U="
            }
          },
          "kcNV8Vr/So01mt1QaLtCjwqX+/DDy1seGJwp8FDjkw8=": {
            "valueMac": {
              "type": "Buffer",
              "data": "Nizl67YD7iD2NTuA7vmlOhLJPrEMPxN8QumB6ZK7sp0="
            }
          },
          "bmFwJUMCWr5Z5l87rH2JdFpcMOiMb9MIpmQWb0V6db4=": {
            "valueMac": {
              "type": "Buffer",
              "data": "jgd1bImTT7mQ2q0bmTzKepuDRzs4V1TNEM3/sGJY6g0="
            }
          },
          "FlhUekrEIbEmgm7HMxsMnP4isVA6uQn8WmaZe0e0z40=": {
            "valueMac": {
              "type": "Buffer",
              "data": "D4D0jtodPZGJoeW2Jcr7floPKaZ2SfUx+eagt4AZ6JA="
            }
          },
          "VfttV6hKMk5+DYM+9KA2gZ/SOrNiAl7nK4Cd5St2xGA=": {
            "valueMac": {
              "type": "Buffer",
              "data": "9zsd9xIyUadGaw4u0oi6SOwQiW7zUAnfUbNkEN6YxIE="
            }
          },
          "FvXuAZvx7CMOxWiPScyYwBLWNXNtft2znS1IsD/xeaU=": {
            "valueMac": {
              "type": "Buffer",
              "data": "fZ2W2c/gfUKkqPYV7DU2/T3hjdh3fe9DMMHytgAB3uI="
            }
          },
          "jFIAVdQ1Qe77fC3SK0L6C6Rm/+ASu6uhdw5GlGujaQc=": {
            "valueMac": {
              "type": "Buffer",
              "data": "/zrGPiRvd1DeJWbL909gwbJ9RuDr3haefW0br7x6wDw="
            }
          },
          "ytxZvR9ac1Q+ni81HAuY2QHzI4AImVMCfMLsLojV4xA=": {
            "valueMac": {
              "type": "Buffer",
              "data": "7yBHd6c9jEEoq0EKpOH9h9xhIx+1WLttI9xsONB/AO4="
            }
          },
          "Mi3/jP+Z0OrrWqUHuHRdvNdZLhBwImEpufxIZdXmeBA=": {
            "valueMac": {
              "type": "Buffer",
              "data": "6jFvXcQBWCrCPr1djd4vRCSKErUlC39Q9tseZXBSYS4="
            }
          },
          "YJvOcXvkkQK6efiVvRYimgT8TDfT7ioD/kOeACWrJDc=": {
            "valueMac": {
              "type": "Buffer",
              "data": "2WUn4GHhw7ZKALXAeW+l9JH/jgD4BNxbixyEbHVSv9g="
            }
          },
          "UpbKUm1eViipAIqpq4CiLsJuB60lcBgGDmRIcER0m/I=": {
            "valueMac": {
              "type": "Buffer",
              "data": "y+YHuzYiCEaRb5qjvFeUk9I5ljOLKy2xETn3ZM5OOdE="
            }
          },
          "79Jhkf3wZI3KWMvDa4GInd9112e5k71uFbS2OlBW0B0=": {
            "valueMac": {
              "type": "Buffer",
              "data": "fmiy1RZH4HmNAXuiqN/JJ7TlOX9Rz1iXAsPBgHHaQnE="
            }
          },
          "X7SXkBFZ4P/tZD14iwuyi42i0yPjhqBw9kCwF3rooEw=": {
            "valueMac": {
              "type": "Buffer",
              "data": "0nWYkrrXc0H50HQ3cN4MDqs91eP6YmxIC51+AWITac0="
            }
          },
          "5HK3Qb/z6U85mooRvU5eqyjwVR2zM4Cibc+oVndK7Uk=": {
            "valueMac": {
              "type": "Buffer",
              "data": "PajikqFohNzJueth3kedNEzrh5Z2ilug5SEjr1HPK3c="
            }
          },
          "6+2d5w9hmI3jYcYky4I8CJsBAx4xoiGh8ps/7+BwSlw=": {
            "valueMac": {
              "type": "Buffer",
              "data": "FFljHe2SgetNK3rQYm6eZOBu+ofhlBmOkG71J5Y2WHI="
            }
          },
          "mMsn2E3FoEet4ymaQO5TrWEiMY0sFdbrdengLnsJQ68=": {
            "valueMac": {
              "type": "Buffer",
              "data": "hHP26561LnpjR/gOFoS86r8Gm9d+gvVbd21Sm4SL5YQ="
            }
          },
          "JYkdMRTv5ivkJYavbahXP0hZQJ7Cxj2Hh7WG7qL8Mws=": {
            "valueMac": {
              "type": "Buffer",
              "data": "wUcbTIhvkTmFpz3fdctE0mYwsAJPzeitPYgRdtrTcTc="
            }
          },
          "P1eTCUt1Ml02Y9kzdW1GID4mhMSeOxEU/PL0a+V3SnQ=": {
            "valueMac": {
              "type": "Buffer",
              "data": "ZiscWnSYv8AFgnQNijEGk5405Ccew/uloDwhqEZzop4="
            }
          },
          "oz/QypMWFo1jgp0pTY8dH17TBInAaEzlV5xQ1moOuv4=": {
            "valueMac": {
              "type": "Buffer",
              "data": "tC7IKuMkves87oK9klq0EcKLnOhdrJNs4XZiEJXKkWw="
            }
          },
          "/X+UIFsgjCb3lam61KsrGXNDREhjESBQXZfD2C6hBX0=": {
            "valueMac": {
              "type": "Buffer",
              "data": "JCoxd42wg43Z138mfH6/TwJ/+sSuyT11L0Z7ucBRKvg="
            }
          },
          "BjM03g3lEBbDmKGPUIRmg0dl8FFYzshmP8KE4zIv8Sk=": {
            "valueMac": {
              "type": "Buffer",
              "data": "MG+uvG05dDI9igk2Qi76NgCBLcbzyk9o1MpTiKscf78="
            }
          },
          "bSUMdquu+mniqbw6CaRDoXksIM1ggljEAJ7hrcToq0E=": {
            "valueMac": {
              "type": "Buffer",
              "data": "/FqupYWE8BMGuy8B3J/kOd/bClnlNUw5u2st9Um9uZw="
            }
          },
          "4KpJ13h3T8qrjepCM/2cb3trIdnzlpEVcAzu8A0oqvQ=": {
            "valueMac": {
              "type": "Buffer",
              "data": "E1Nbwu/kZXAmr+BH3Hpzq/2WZaNDs/KrWaGcK72nRhs="
            }
          },
          "x8n/LPf7Cw3CYxJyctXcINPjERr8XjHHJM71WHxLUkI=": {
            "valueMac": {
              "type": "Buffer",
              "data": "QRhXOvcr4LE5VNcmUV/yxegl9XowzP40KqdCrJfNjXA="
            }
          },
          "s++T6R5prTlsGEwCRgftA3kK02j4lSmltzTWd+8nb6U=": {
            "valueMac": {
              "type": "Buffer",
              "data": "p3RxIYRqEbI3QHr/tD0nIoStbCgN4pkfGiaUSdCpbBU="
            }
          },
          "lgVFpNioj5WTvbW//l4C1o6ZFx/umF3+mI36oc1GTJU=": {
            "valueMac": {
              "type": "Buffer",
              "data": "MY2Hglz03i1IcSE/uJ1I4CpMtb0dD93GtygcUJlZXZ4="
            }
          },
          "idnrk8YCPmejzaBb36jt4W42mwzoGUyXp6PzFJcx3LQ=": {
            "valueMac": {
              "type": "Buffer",
              "data": "2D2tKO1uNje+jUtKKIkCgv4b+OAhaZy6U8GbG3YLDT0="
            }
          },
          "FV596FWvk5kRc1mF8y5WdZtjSP9vBO33Lyk/XuIR3NE=": {
            "valueMac": {
              "type": "Buffer",
              "data": "G+y0ImLQdHGwaSTidcj7+C3sirDMD7G6yhj3oN3Q6fE="
            }
          },
          "eAeYUQFafR/yJDxvE1DziQ6OMqC7cQOB9dpOdBggRC0=": {
            "valueMac": {
              "type": "Buffer",
              "data": "a+7rqso+/596mLn2hYTua7zzt7vLQXxYklqFuRSOUFI="
            }
          },
          "WdYh6D0eeQbY9263KWIbDZTG+jhtgPUmuM70aidTzzc=": {
            "valueMac": {
              "type": "Buffer",
              "data": "3ufzp/7rjqQa4x0VkjoWN8w9u1uPMZTdlK6PGv3vITw="
            }
          },
          "sKuvQxpuVRDUkXWrFvZKbTmlfAjxT9JoJo6k+Iem8a4=": {
            "valueMac": {
              "type": "Buffer",
              "data": "Yy0h7nEBk7YEo7eRyVH1VZcq/MmZ+pAFXWMhHE/dlg8="
            }
          },
          "gvUJFSAFyra2x/10gzJP/v2H0g5XBhwLcksUuO6pJvU=": {
            "valueMac": {
              "type": "Buffer",
              "data": "1r1JWkdYE5HwV3bfHqascb+APUIWFZVH7+3eqR329U0="
            }
          },
          "B4O6QMFdEUm58P7MfiY0aNPJDY8ReZ3NXrTgBQ5J/Rw=": {
            "valueMac": {
              "type": "Buffer",
              "data": "GPuV8swpbWq9XWtqtbLT6Z1rRaKpn2L5MU/htZYh6GM="
            }
          },
          "RNmB4t0JovK8elL6Z5KIJX0WmxuWjlwTvPHe8vUPF6Y=": {
            "valueMac": {
              "type": "Buffer",
              "data": "JYlTbdT3f3mUJ18rtFrKEq8wYfZcT+BvsBhws8i6Yq4="
            }
          },
          "7zQa5JAb4en3ulK99UOu/BOatBRPUFpVKenliutYUgg=": {
            "valueMac": {
              "type": "Buffer",
              "data": "3X9/CflLyp6RwRQ2GB5prVRqcSSfkPJUjc82J4Dw2iU="
            }
          },
          "7aQUH3tiXCmT7weA2+m9EVJlDS4RuzACM3rO3OV+hsQ=": {
            "valueMac": {
              "type": "Buffer",
              "data": "MY1bc2Jf9S/xacl3TUANRiRcpg8bbF9Xx4jM7kJB8UY="
            }
          },
          "WWZe8dRNO9YvL29xnEmkhaZ6pyM5r+Nxfgzow9VrUsw=": {
            "valueMac": {
              "type": "Buffer",
              "data": "ig54LmMZgJ5Lg9xX7eLTMVo/5RUNxdvPGRBxiOLMX1U="
            }
          },
          "8Qh3tjs3G0b5kp595UL60d8tKuoCvDA8dOLPoJa295I=": {
            "valueMac": {
              "type": "Buffer",
              "data": "lifgVV3mlMiIcUyWVdpzc3P6nr8oAzTuLRvTa7/Q+SM="
            }
          },
          "s9FxesGUC1jvHnERIpNlMAAm+2ENZ43PNhTztFELkHc=": {
            "valueMac": {
              "type": "Buffer",
              "data": "n9RqKbfh92JuDozS96M1QPbCI+hIGkUTlJ7TkAB1emA="
            }
          },
          "7Xr9yrBhYC9wfQ1wRbPJgCHBcKYH5BJudlgjYWV1uWw=": {
            "valueMac": {
              "type": "Buffer",
              "data": "W23fBLPincp8Vh6jsk39wgiPkmUXofaWebM505tKVpc="
            }
          },
          "puXbVKFux5T2EmxQ6GVHZ7pGarLRkAL1GI3f+T3Fzvk=": {
            "valueMac": {
              "type": "Buffer",
              "data": "w92NFrcMiOs9oGtvF6jF7xRSf6i2oAagVQQdI4GyldY="
            }
          },
          "wN5aH2wJ+jxE63oDqn42AQ6wBeyrIFcq5LG2ejaL+mc=": {
            "valueMac": {
              "type": "Buffer",
              "data": "wGBmRQ8OhpK41ep2rzQKPshrmTrd13llX2sBRLJR0as="
            }
          },
          "CZ675vgloRsIWatE6gujfhqP4d2+orZHhSs2UPN6qtw=": {
            "valueMac": {
              "type": "Buffer",
              "data": "PCC2Hi/ugfBIFGcn4j8B5EBVQ8AeOGSvibriOI3744s="
            }
          },
          "SejkyzIJYlUHXw2n7XdLZtDaiNN417ENh5B9iw8Ujso=": {
            "valueMac": {
              "type": "Buffer",
              "data": "BQ4IloYekSrMAjpuaNkvyBZVGwsjjZrphELg+cV8nOo="
            }
          },
          "jRU/+8s1Y0UVvuD3t93Kyd6X7LCTB90RYexmfX9ETQk=": {
            "valueMac": {
              "type": "Buffer",
              "data": "7hPcWzgCFWDs8aEywp7oMn6LkWQ3aeoISE35qBD9l/Q="
            }
          },
          "aFRXhV8btybFa930EyAM0MDTfUMbOVHqNi600fOSaSE=": {
            "valueMac": {
              "type": "Buffer",
              "data": "D0ECqYem6evmjzu3y7g0wgpjQ+Xk5gNH2jHMPQ5LkQY="
            }
          },
          "Gj5pBaHbf7SzSNV+o2y8uXv1BK8PNRnLXTK61FdWxBs=": {
            "valueMac": {
              "type": "Buffer",
              "data": "NZsXUXXl5jzNIzzWhawRjoJ/fh/sCbM98ZdJ2exp8nI="
            }
          },
          "x7QOqeziXisSuIp5iUrVbtDXngTJPmeXogclyAfc+Gw=": {
            "valueMac": {
              "type": "Buffer",
              "data": "4hPGZ1ITs/0yaXc177uwDuE+f9tXEWccFEKMUhLHV1Y="
            }
          },
          "udOuCtl9i5kjXnbBaVHspnusSbGOd48XwjEzqsfdA2E=": {
            "valueMac": {
              "type": "Buffer",
              "data": "I5ye+3PoDwxg8GLp9qLGTR0PLMWicC57pjeOQVnZWzU="
            }
          },
          "ADYiYIP2BMadtMts6kAIZ1VltFsN0MtjezOVWD6SsUQ=": {
            "valueMac": {
              "type": "Buffer",
              "data": "vtgDwQPGlxWdxvwwCOVh2MCyydl/Qa4sXK4+5t6PWWE="
            }
          },
          "a3xGKmHPXFbF3lPiYItnxL2JA98TNQFkcvijvNf5FoE=": {
            "valueMac": {
              "type": "Buffer",
              "data": "qWjrrjNqC5DORvP6ccjC3pC2ocYW4uOh6havCmLmrdQ="
            }
          },
          "H/SanHZwikIZpcJN47M7foazym9nOH4N9GXRLsi/wO0=": {
            "valueMac": {
              "type": "Buffer",
              "data": "7HkNukrVDPN5M8h0uuPqa5ges7MS1CFp+vTZ3/D9v7E="
            }
          },
          "lyZkT3zYInCCwTetnDXpzk8wV72fwjAC9VBkkxYymDg=": {
            "valueMac": {
              "type": "Buffer",
              "data": "iFnEF7sVM/g3E+nRbGciFoOwMl8zRotPvSVAi3S0Brk="
            }
          },
          "/e48OPpo5Je8K9Ep5Z5vCE0srlmMY7RarUIT2UPE0WI=": {
            "valueMac": {
              "type": "Buffer",
              "data": "h2+s/4R00WSEvg1Hdjtolr1iU8q7355Ljy3FPzqVzl0="
            }
          },
          "dlCjSkKlMcYxGNFvL2zpZf3wICFgPeUBdJU8RTcLT7I=": {
            "valueMac": {
              "type": "Buffer",
              "data": "OIEAPJJn39nmTe7bBZtPG6N/qB0pUPghPJWNKAZ62mU="
            }
          },
          "Jh6Dh1bEUv8knQ7u3Mqs0j28PmNbU+W1RAPspW0iSBk=": {
            "valueMac": {
              "type": "Buffer",
              "data": "YRfqUVipjNO63pyYpqga9YryrJGHy8HTEeN0c4ov848="
            }
          },
          "puq4mr6OZw+mGyALCrF1QdYTHz4ZGcSCZMfyRcCJqiY=": {
            "valueMac": {
              "type": "Buffer",
              "data": "wqn8diyMjTnekmQ2Nge+89RC7p5MEKW0+nqnE81xEc4="
            }
          },
          "xNYwko+EudZFiRRXIKLQhMkhZkrYfabw0Yb8eX+6KZo=": {
            "valueMac": {
              "type": "Buffer",
              "data": "Us5YL+aP5kIWbOPx+kbMAjGTkMpdN5DWQOI+/q690oE="
            }
          },
          "c8OW5+zvKmFlekJUS1i6VDcBn4uXdl7Zv5FFpW/Y/MM=": {
            "valueMac": {
              "type": "Buffer",
              "data": "EVZ36PQnwqy0/OdUbnRwm5cqK9wUxBbRNmNqITXxWKY="
            }
          },
          "7q8xx9Vvjp4t6NiX2XJVuR+6aHBctrQddv6AacDP1xM=": {
            "valueMac": {
              "type": "Buffer",
              "data": "BU7G+zHv5biOSKG1EYD6SX54+OLTHOvOn0T9wviH/oc="
            }
          },
          "hExtsQhlJSMm+s0gFIIn98wrroh8jsw8LfDFzJrGU/Y=": {
            "valueMac": {
              "type": "Buffer",
              "data": "RglmVc5hF3DxiuLpTmNl9WJudvjb4s7ORn5m8V200QU="
            }
          },
          "J2ZyRA+wU1EOQGWAtLhQB4KtwR2azRHPk/hcqeLptIo=": {
            "valueMac": {
              "type": "Buffer",
              "data": "s54pzk2vSUZ/rv9moyUPdZziKoEIQikSoo9dUE8DrHk="
            }
          },
          "epfixeYg+kg6cPhEIWXDZSGt0b/WCaV0C9lHhfvh76I=": {
            "valueMac": {
              "type": "Buffer",
              "data": "oIOsYBKBI/uMAYI6dnjk9/n7bFxC837Bq1RsioL9Y4o="
            }
          },
          "G3gAVAdUME6X6vjaGaPeRO5JNn2PXhyPYEFiza+oIF4=": {
            "valueMac": {
              "type": "Buffer",
              "data": "lk1uGRg8r9im6Jgcb7MjxqWKxLUOGbUL87dF7mmLHrc="
            }
          },
          "jzkzEVuv9q7MvhDN+cyvbkXhv4Pvpqp8ATwa5PNGoaU=": {
            "valueMac": {
              "type": "Buffer",
              "data": "e/9fZlxiFLen22e10b19z7+PgIgkduGa0sEQfYtTe94="
            }
          },
          "h7tO0qBta0aHwtUvrWmCEHLgVP856FWFG2ZzlgIHTWY=": {
            "valueMac": {
              "type": "Buffer",
              "data": "v7zS7bU5oQEexaDF/CbZrbzFOJ7+PHxBi/XFDePtGjU="
            }
          },
          "wTy9WKIRflV0U4kcZ2JiOfOztB18bYEYsIyG9lcOzE0=": {
            "valueMac": {
              "type": "Buffer",
              "data": "wnWXLvt7HOU0g2ESJfm9a5Yya1Cr1ywNhkxmxy2mhH8="
            }
          },
          "dWuMVemBP7rhee3aXWeWdHbZni6Y8nzYZiEpZzWpe08=": {
            "valueMac": {
              "type": "Buffer",
              "data": "93dRnQvRTvAndgHM0o6GyFBbiuRnYrITi0XKqPbE+s8="
            }
          },
          "nKvibNBMCtOFrspsFSMjxgkNPW4wxEHgv2Jv+jLteYg=": {
            "valueMac": {
              "type": "Buffer",
              "data": "/XK76Cj38Emh0dcrdteLvg+32S3fcE9UTPytEcxKb5k="
            }
          },
          "IF5JjPsruaMNQaR4GC2BWN+A9NjAUt0deWXT9nuNU+g=": {
            "valueMac": {
              "type": "Buffer",
              "data": "VIDGQMSq33dT74j/31D0c+DGeysu/7aAQYKhIIlXp3A="
            }
          },
          "yw6lwz95RKkxeSCzWwcuUTDDEDm22WAlBfVeVx5i/Yg=": {
            "valueMac": {
              "type": "Buffer",
              "data": "25z+8lJSP/98+gOZXFUvFgVwJtDm/tq1i6fF0kQkupM="
            }
          },
          "NVwgrq0VKxLEFHFbEjager2rPjgcYBGn69SZVNbTbyk=": {
            "valueMac": {
              "type": "Buffer",
              "data": "ZyuYKTbqFs+wJ/I0C9ZdtI6CJw8sLhVDtfKhJm7mi6s="
            }
          },
          "vcaOgKGY/Me8KewL5ozvn+Tzv1sSpX6Ft8MZINLw5aU=": {
            "valueMac": {
              "type": "Buffer",
              "data": "Sp2IHjS8uG+NiGsvD3J6tgL3ox6Se2xwDye01P0MHTw="
            }
          },
          "kb33LwZM7fdL4BJGRFvqluoTwbHcFW/lJyt/lk/xVT0=": {
            "valueMac": {
              "type": "Buffer",
              "data": "KFu+8imd3XKznvB28NALa2subYxRM8idoyG8SqyJYWw="
            }
          },
          "qgviqu/IFDPrWecNcwSx7WW87QAaUZ99lM647csrd+E=": {
            "valueMac": {
              "type": "Buffer",
              "data": "8OKg8Bjqma729QywDOiQb/dJcftsBRr4C9Lj7SvrdbY="
            }
          },
          "ObDZMKpaPN/l/6nPDc/ffykCdZSdtSlsoraORuj5OvE=": {
            "valueMac": {
              "type": "Buffer",
              "data": "PwcxA6TKkWAnVKl5Y/40JZzynn4PhLof84IJv6s1UgM="
            }
          },
          "3ab+Uc3bTukllFcdaVjsHbbt8rmeMJ1CFT6BWCZoics=": {
            "valueMac": {
              "type": "Buffer",
              "data": "vcDhK94cDmRLuH/IbYWLSB1mxmEseQ/6iPPTQa2elUQ="
            }
          },
          "aiES+eJekz4t6bMkfmyjEvnWcLv9aDMROFYl6f76Xck=": {
            "valueMac": {
              "type": "Buffer",
              "data": "f1pmv5ciiIdIkTq5hcYNqLcy3WWJPoJEG0GkniDVcaU="
            }
          },
          "2xKjWKot+6WOBP2XnmRNE9GKe9QGmL4jmKFUZ46Is5M=": {
            "valueMac": {
              "type": "Buffer",
              "data": "tgX8rj2fAlhaIjfneIAg5rPZBS69lRbw8/NgBJwGMsA="
            }
          },
          "2SzUcpKc75sGtJ5t//haCkJQNi8vo7h+rk2Fhq4qmi4=": {
            "valueMac": {
              "type": "Buffer",
              "data": "jVQQu3sQg/Wvlk20RoZF9Wdvo+VAFrrWRLBPzsmUroM="
            }
          },
          "1s+pzzBDYgSty6tqYvdm5tCv1aovPVHa2ThOydvTiAo=": {
            "valueMac": {
              "type": "Buffer",
              "data": "hvQl8tamdfQe51e8BzNt6Qf2OoucTL78nHNx1Ylwg0o="
            }
          },
          "2jZipEHIsOtSKKfaAFrFe37UyqVRDHVCd4cySAOWYrQ=": {
            "valueMac": {
              "type": "Buffer",
              "data": "FrZwXgwvxCL2b2D3ZocpTKUUpS3HbKdaG550FrT41FA="
            }
          },
          "pn8V5YLNhFbHg2DW3POS0tqozhXWk8pscy9pdYG2I7k=": {
            "valueMac": {
              "type": "Buffer",
              "data": "I0hZwvMmLTiTMeoId6Tx0l6KbkvdpvZKPRbdovi7mQ0="
            }
          },
          "umnB3ZKBT+R3gVi5pH/nLAecQCq0TuuRqyZKo8enLu0=": {
            "valueMac": {
              "type": "Buffer",
              "data": "PBqDkVaMnTC/zDtDP090AcZpqXlkWHvkeLOhP6MK02Q="
            }
          },
          "fpm/VDoR5KhWzm61ySwxoznOSY1dwGP0cmilNL2p0OQ=": {
            "valueMac": {
              "type": "Buffer",
              "data": "8pPMrQ3IpkDOsxVMuQ0r1isJQhJetltPzIBHBWH9mvU="
            }
          },
          "5ZQhr2dJuH+Xragd/wHVHoyyxK7C/VnLc2tpcqy5H3s=": {
            "valueMac": {
              "type": "Buffer",
              "data": "tW6+DNZQeyR9gUOc4gkRpKPZLDcEc/RCX0emO7Tykoc="
            }
          },
          "kXfyx/czL86e7kHBcEjnQtxYSINIaWb86kfO6Rz5xMo=": {
            "valueMac": {
              "type": "Buffer",
              "data": "w3VbUJ8urbIa8vM+CwPDusJ03hDrLpCgo32sCfM6/Yc="
            }
          },
          "+mvNNC6g61OLzgZ0ww8GCoDDF1SAYJO3YyEC6eH85Ko=": {
            "valueMac": {
              "type": "Buffer",
              "data": "Kl+pUWM4WHtwzusbkxdTd031sj8IVCODPyboqFXaOtM="
            }
          },
          "DwxgFHELqZM05i3/IRVtRfjhPlDEn0Urtl1DBZq1Igw=": {
            "valueMac": {
              "type": "Buffer",
              "data": "0xShJMgiyJF4gN12FDr9JdddX7SURcU/smQ2QNkXUK0="
            }
          },
          "BbsoH7HHJwiwsnOLPNn16yv3iITAC8s/fkDlyLUePPI=": {
            "valueMac": {
              "type": "Buffer",
              "data": "ml94crF8YuBrF2sageCUuYox1bgmkdiSdbQhD4dWFXg="
            }
          },
          "48sV3PXtA0hTI8nEoAK7TcropRQYK1eTxUjet4Grkhs=": {
            "valueMac": {
              "type": "Buffer",
              "data": "nmUOVsCq5eJ37rPLafthYSHoFCo7vVqRtNHGqCjoGeY="
            }
          },
          "ulgBfFkI7gny77XfmzpJfwU1KMS73h2uPsXdGLXxOSc=": {
            "valueMac": {
              "type": "Buffer",
              "data": "SnKf8/eRwOaJ2YOwbCvn4jL+EL3Hb0jr9mql7lufbGM="
            }
          },
          "K22FLWefdrSMsSO/X2Tyrv3cCZUoqi/EvfDz6ESkM8E=": {
            "valueMac": {
              "type": "Buffer",
              "data": "tfP0Mp45aHHbiWMrQRpMm6pPi5t9MFQaqy1Kc79X5HQ="
            }
          },
          "VGCE74ge05FlFM6hxvaapcjiBFQvfrlMbQyRjV0aFCM=": {
            "valueMac": {
              "type": "Buffer",
              "data": "6Nuv4FGX7wKByifk3DX0rzldzEc/YueiGJ1N6xeapPs="
            }
          },
          "GgQsgkwh2BQ11ax0xkc1BULe8G/bM13bcbUhABBOSPU=": {
            "valueMac": {
              "type": "Buffer",
              "data": "0FTkqIUFwBVoTCy/elTqkPbeCuK/zFdY8MciI7YYqKg="
            }
          },
          "FoxH89ooRG5asXHsvFfMmnkW4lyGSBvxqrLQjhAt2N8=": {
            "valueMac": {
              "type": "Buffer",
              "data": "T5G6v/fSPwZcTi9BD7d04NQD3E9XMrwGNOkPLAvVGKE="
            }
          },
          "Ju+kuyPfK7vYrClTfWqtCzFsS0Lx1Q3WTzJfRq+HvcE=": {
            "valueMac": {
              "type": "Buffer",
              "data": "w+kXUkaBQlc+DqLGqcfj0HeKjXgliTuWJoXSU+3dNck="
            }
          },
          "H7cFV3+7YcbAnuG36fp4GLK3jzoat5tzNqJV1KGskZU=": {
            "valueMac": {
              "type": "Buffer",
              "data": "HT5rX5PXde8RPcR9yfmYHVee7/yKxQfXUdrTNnvpz6Y="
            }
          },
          "Lc+offk6CWxgrOKGe1EO12NlWpyMuoKwcNcJu7DosWg=": {
            "valueMac": {
              "type": "Buffer",
              "data": "qQiBtybMj4Vy0yKQ3KhzUQC3bVpzDSIjU+lfLvGY+/k="
            }
          },
          "YWMvKer0gzP7lQVdjG1RxiIBdRmabGSBzyZ6To8+mZc=": {
            "valueMac": {
              "type": "Buffer",
              "data": "FcsdzA8Vl5m8axg8Xkp0gJe+/cWLAnLnCCT6IY/i7M0="
            }
          },
          "oy9TvepFW1y4o52Av04qht4QwNCvc04cf5aByvNv+L8=": {
            "valueMac": {
              "type": "Buffer",
              "data": "Gp7j1+DmhBct1dAV7SCq5e5keM2UzpnEq7pQrcYssnA="
            }
          },
          "O/MV/1xopSdQIdmliXhTiORQImuFUQHcadGIUu6CKOI=": {
            "valueMac": {
              "type": "Buffer",
              "data": "4c4Opp9M/CcwHFawqVI+ouUvjSRdZLz+XMJZ55UVB54="
            }
          },
          "EzwTuXcKTmDoi3m9AFZHcXQnK1nKHiZUDyqBfNJGTBc=": {
            "valueMac": {
              "type": "Buffer",
              "data": "5XLzmcbZfnWXWT7NGc5PtWt1LUcnXjS2JglER4BFI4Q="
            }
          },
          "CjevavJ7UzLD4b3uD5vHeTG8KLnj/zRBgt4ehLAroxo=": {
            "valueMac": {
              "type": "Buffer",
              "data": "QTrBcrXwzUmuIWL4Z9DKHPrO/ZCymisd4wl29HddLxg="
            }
          },
          "6TVwWJYDvveVRv4L+YDVwB8L+GpeimyE39sb8Dq0l14=": {
            "valueMac": {
              "type": "Buffer",
              "data": "M9B0LdLQ9Tbx0hwv2SEE6O062TkR4GUefE5Bg/82e/o="
            }
          },
          "xbNz1AxzdgiIJRWKs8v1mhPqCdkbojUqcfRkV2sHL8Q=": {
            "valueMac": {
              "type": "Buffer",
              "data": "vHA75gkbrhNnCY49FMV/kaRF/iMGlybM2MDuCHHbeps="
            }
          },
          "NwIYVGpiyyGiyKYytUuIdeypF/PNNphwXy9AtcLOssA=": {
            "valueMac": {
              "type": "Buffer",
              "data": "q1R9l/5AlPU8P4O80czD5hrxixl/CJqpgdalL6MqAm4="
            }
          },
          "WHCq+t5JkOTh1LuvJbOr0YfpDVKy6ijeWy/XH4tdPF8=": {
            "valueMac": {
              "type": "Buffer",
              "data": "yxz0KdqzIKAfa1j2UyJfPDlj89dXsYrYGowpwFAm5xM="
            }
          },
          "K1HH34vRt/A3VqG2f3Ur0dMMOIUHfVu7kpdHUNUsyO0=": {
            "valueMac": {
              "type": "Buffer",
              "data": "GuPvMW52lTJxSSf9jY224G/7d3arLDfUZ0TGHlu99sU="
            }
          },
          "Hf0HVdbuaseROs65iufwP8/U9rwpOS/XknwlCnf7ZRo=": {
            "valueMac": {
              "type": "Buffer",
              "data": "sXKFOqyDXP5FB+UFarEQxSfr3Us0A+0lSCS4V/ILR2k="
            }
          },
          "H2Z6Oaa8p7Laf3KRMHakEgquGYNrkR0EzSjHHauAAIQ=": {
            "valueMac": {
              "type": "Buffer",
              "data": "el3fSmaAft/STugkPAsU+Wq/q28v2J0wl81EWHfqA1c="
            }
          },
          "6VZlMlSh4aOMQBItxR33ViaNwgpnOqxZCg/v8Q1iqDA=": {
            "valueMac": {
              "type": "Buffer",
              "data": "6UpkJb+4x4BwpvwG0/qeRnvLu+5+dT+Nz/NwZP4bIQU="
            }
          },
          "BsFW6EEv96MfVMYb/DKYYhWbfq6NzRiO8HkAIscjtws=": {
            "valueMac": {
              "type": "Buffer",
              "data": "tM0kXqXLJ9lsjmMrI8XRK2MnEB5qLBq9FDu9zObW8rs="
            }
          },
          "OfK/tHEgaKJn+jgQC1IBZoa+jlQTSmD68+T+1q5Lzcc=": {
            "valueMac": {
              "type": "Buffer",
              "data": "jEWIHtnnaJTozU+3YogDlEawV6/F8YnqSSgNcUCqzak="
            }
          },
          "/7kZpaTb2jGOq2s7Qegg6hpFu2P2MObtnUNXshy475o=": {
            "valueMac": {
              "type": "Buffer",
              "data": "xW3S7lnGhLWN7zEHYcSOQLroJm2FVIXJvzqL0r+Hibo="
            }
          },
          "bhDaC+LcIsVQsVvdjAU71SmWUz3MqZplzbceKdS8x+E=": {
            "valueMac": {
              "type": "Buffer",
              "data": "LBHJXzudsUge9omsaCbRM/timxKup/7OW75lx5Zb30U="
            }
          },
          "O0VaS3p+GfHtub8t7zI+87QHR90e7uQANtrrknJtjFQ=": {
            "valueMac": {
              "type": "Buffer",
              "data": "r5HhotZE2c/5a1pxu0Q6nkv6gk8Fln2VpxbJ/t21X3g="
            }
          },
          "MGA9+ee40vlqUQiABfVtEfP4r/yYOO3qj2X7b3rCuWE=": {
            "valueMac": {
              "type": "Buffer",
              "data": "+/SGDftnyDA83++VevUBt3eljE7QZtbxVfrja0iUkSM="
            }
          },
          "jjtcB7Uo7ZEb8ag4qqQrbO/FzolMnXskVuEFyYvmqeU=": {
            "valueMac": {
              "type": "Buffer",
              "data": "+P6QtK5pvNYf/2Qfm+j8D2mpgE7S6ZWswA91No7PWnE="
            }
          },
          "2bICX5SrKmPcImV10MeNrQ6ZRr3Yz2b5diXGHc5Ro0c=": {
            "valueMac": {
              "type": "Buffer",
              "data": "BC5C2XZz4FgoXm4JZDRLQ5Uux0kiWoX55KFImEyw+8A="
            }
          },
          "ZVpEVRtWavoLxOZf43PmD/VKQqoWeO+dPiEGOiQMWfU=": {
            "valueMac": {
              "type": "Buffer",
              "data": "KdF5xKgCv/vum93P868o3rvTXFeGBWVnMPoNhhGGkRg="
            }
          },
          "fxR6Hu4rcjgX44ZRCeNd0XlA0650UbvJabBIR5f1aUg=": {
            "valueMac": {
              "type": "Buffer",
              "data": "LFmeArBkTtCbKjIihVyVISV8kJwK/FcadX3Czyzhp30="
            }
          },
          "YYjm9HCPDboL2nw3sQ4iWGEVHQGR68EaLFDhG5vjS6M=": {
            "valueMac": {
              "type": "Buffer",
              "data": "k7UobHUNjfu9jKEJKDl6RKjLQyBHFlU/z1oiIGoQBww="
            }
          },
          "RbjhPk0Cn43Xa85l+7eSUMTJekz/3KSK+vZ40Tm2myM=": {
            "valueMac": {
              "type": "Buffer",
              "data": "yOtoKZz0rTD8UkH0jJivNUpsUETIDDgMsxKCAucqqAI="
            }
          },
          "/ruysaN3mxjH6Nxugzox7cKyl3mokMah9ZLtyQYJwUg=": {
            "valueMac": {
              "type": "Buffer",
              "data": "geqe1KFVj/ZD5cueZKG2c5CSn1sdbziFxjW75qbYSPE="
            }
          },
          "rZzQzcJqTKP1Ii0i3o2gkj17ueI9Y4+du9/ySQzmyWU=": {
            "valueMac": {
              "type": "Buffer",
              "data": "qmbAla3UMqbzSFPsdFUZNYqJYS0bmcOGvT+ri+xVU9Q="
            }
          },
          "8RcSPb2HUimbvt1ZVrs+tAF5n2P1lEWLz60cg3BfFs0=": {
            "valueMac": {
              "type": "Buffer",
              "data": "vYVlU3yibjW56R90oF9wn7jpZ8WnpdTupiQGuk1BYP4="
            }
          },
          "b4xtkm76a78Rt527uQCfjz7J7vB/UPhGT/wosudX7Mg=": {
            "valueMac": {
              "type": "Buffer",
              "data": "ZurfeRy/+gdJMXo3tokytOXNuiJym5vAIjhzUyZbR0M="
            }
          },
          "Ze1n/MsMqe2gB4NsO+wFsxoFoSXv0cn9LfbvR403GJM=": {
            "valueMac": {
              "type": "Buffer",
              "data": "0zqf9PPoO/LWlxWRVomiiIVuuX+FPX1Jow15iYpZZMg="
            }
          },
          "HsubU+nYM0CZS/KaYp9T2NXdQWYVFt45CXNr9aWmaz0=": {
            "valueMac": {
              "type": "Buffer",
              "data": "9C5Tq9KRf45n9qV1AfA+tp5lc1DP73nJuKf+aC4dpoc="
            }
          },
          "eFE4C51HmpaTMJn9nkVEK5OtJ9aIhSa1j0AMaTa297o=": {
            "valueMac": {
              "type": "Buffer",
              "data": "ewUI3dffOtF9eAU51sXPJPuffy/W5a6YVcTb+rXYj/8="
            }
          },
          "IOfrn7iYYVe3MKhso2+pDCWMJZyV+sKX7cgT/wZdJ24=": {
            "valueMac": {
              "type": "Buffer",
              "data": "qyyPo9ZYxXnHZmByx5AbTe8PXCHsOng/JBs7Rm68jE8="
            }
          },
          "YtdesDa4BmxtUw4K5sEVJx6XoLoqAU+PHE8/ZmeT6RI=": {
            "valueMac": {
              "type": "Buffer",
              "data": "gPXe6HxJrfcXHuqnup6MrEYcfAnxkkV9KhfFNAr8k94="
            }
          },
          "gwLwB1qesSvVkP7+dGlGckvIqH5vtHomuRetRbCs++w=": {
            "valueMac": {
              "type": "Buffer",
              "data": "JrbNhWA3u/1lMb4Jt8CLHFUANULCz7OnSwWm9fpBwBw="
            }
          },
          "+vyhSEXhSEgwFPDwD99Yk6Wf1N0GXwdEboCWRbLcbfw=": {
            "valueMac": {
              "type": "Buffer",
              "data": "7lNQTChkP7LU9XuQHzxG1OO44IF1n/hmdvFoSoe/MuY="
            }
          },
          "0KnmPaZYYKl2jVx+QNnSa4Hh9zWvLKtmj09B4i+UnY4=": {
            "valueMac": {
              "type": "Buffer",
              "data": "bTNckkg5EiTJ/RS6FGbEMrPEx8PaI1uxQjXsJPl1EnQ="
            }
          },
          "pumfR+xi/OtzoCoSlFNhBnEQ+Kp5otNX+1RR2dVfNFk=": {
            "valueMac": {
              "type": "Buffer",
              "data": "IT1SPHXa37oRLZ7LL2VrUbD9zkiZjD/1P92Fq6Dhfg8="
            }
          },
          "d/vHErLPfhrvX0fUNbi55WJmIXnLUG11QUL9Zt4awHU=": {
            "valueMac": {
              "type": "Buffer",
              "data": "XBVw6cA+RDFhGbEnoa+xBsWqXfxuMZiZoX8Fg2kZA5k="
            }
          },
          "76Tg+yu6uACzWSNNlBsLyA8EUZHh+uwRcyWkcD8ZSAw=": {
            "valueMac": {
              "type": "Buffer",
              "data": "RzaM8wr1WRvVOplI9T38/ztLCjit8dflZIweRY0T7YA="
            }
          },
          "oqK/ISaRoC3YuzY2h0oHfHxYMBeasvF1btgTlzUabJc=": {
            "valueMac": {
              "type": "Buffer",
              "data": "KvLVQ269tKg0VNQaSoWTUzIAhdpybnRTzjGlj7b/qvQ="
            }
          },
          "j531DMrxVCe8RUAy5IPmkODK8ytiCa5fkgRDim1F8EU=": {
            "valueMac": {
              "type": "Buffer",
              "data": "xE3rm5IpKtJbzMW5inGdb9d1pE/+4if2ad6dhdJmGLw="
            }
          },
          "x+1gIp5MNaibeK06QpqDFW0/Cnjd40UC3JOjE1Ou2I4=": {
            "valueMac": {
              "type": "Buffer",
              "data": "YJJbqATpQ0ZH/OfbPOXcCGvfmSAHUlKdHrWgrt3wG/0="
            }
          },
          "fkQEWRSNTCzrAHgkUBUYo4kJ7qOdkmQ05oN3yB7lWrQ=": {
            "valueMac": {
              "type": "Buffer",
              "data": "2XwiEior8SdzVi1tmCN/5XkizvZLhryZp80GUfAUNVU="
            }
          },
          "HFnpiJ6btTpMuVJnlqvajVMs0EltB7OpJVtetDYz9/E=": {
            "valueMac": {
              "type": "Buffer",
              "data": "SRihW/iIXEMTlwiSQENGD/M5SGiINWgKrocRzXDynMM="
            }
          },
          "ul/QA8HPaUx5Grp1A3Fuhsln0Xx42iYza3+MyFqr5EQ=": {
            "valueMac": {
              "type": "Buffer",
              "data": "rzGmxyjxLLzhBIpsLJqta827TQTynkEd6WKLT8v5EP4="
            }
          },
          "bvgr3zP/TKU3TXmscKCdf42HbquF4a7PiIVXCApl1g0=": {
            "valueMac": {
              "type": "Buffer",
              "data": "YotMqlrw0cOxV1o+JdiAghtXgQ2mdLNPKt6HyI/s21o="
            }
          },
          "7yJpek7YlIzD/I7aukeePOZrVFMi90baFEWFeOpWFdU=": {
            "valueMac": {
              "type": "Buffer",
              "data": "1koO9KbDF2w9C2jm0KV+h7zuXDeJEQPrXfLlTTP6Hz0="
            }
          },
          "t4gUc7rJzlzy44gchtFBO8k4UzNhOgbY2uciD/lcoko=": {
            "valueMac": {
              "type": "Buffer",
              "data": "lmLuVvU2qd1sKKKUYFwAXrzm6gynQMRnEx0OXQPm+iY="
            }
          },
          "Y1x9KO3eF7y82bGL6U7g87RJl8gs0mU+zOeEJuP9Mw8=": {
            "valueMac": {
              "type": "Buffer",
              "data": "UEBKkOVSAdLJ4eQ2NiQq+NWdGj4H8mRXQ5XJFLAtfy4="
            }
          },
          "hc7J76eodTaMAySJ7k5Or3/lZFiNryB5f8QBLOqjCCQ=": {
            "valueMac": {
              "type": "Buffer",
              "data": "9lMTgeTSCr0CGB97jFdsGOC5x6859NBFC5vWK6H2ZGw="
            }
          },
          "fDcvBTzJNpvAy5E9skeMaMPbqwLhBSh356X6+5BCeYs=": {
            "valueMac": {
              "type": "Buffer",
              "data": "JQZfGbN77brP6HjGEqHa7Xdf2BsX8W2FRSUR6/UZmiI="
            }
          },
          "3W/NBpC5mECSu1bm3SLmmdnR2yNXoMGcU3+8cRSIqcU=": {
            "valueMac": {
              "type": "Buffer",
              "data": "W0JTRXdbBfs3SY07OzgQ8+2sdxwCquRiO9CT2hFEUTE="
            }
          },
          "/Fh9k4xz59gFDVw+rxO2PNmKOKUYRcE90T0PIthCp6Q=": {
            "valueMac": {
              "type": "Buffer",
              "data": "2qHgYU2WuJ2TfNbTyyGDC31HqKePYD6a4XflHYPN51c="
            }
          },
          "rCOnhN0XpxFISNVfpQsA17Umlc8ASY35I90gM9Tw3vQ=": {
            "valueMac": {
              "type": "Buffer",
              "data": "AFhAfppOnx0FyYqzGZ81oQft5amhbH9FlBK1m2nb0p0="
            }
          },
          "KW7U/O9lkllNFQ8Dh0CGZuOd7mq7TtP28xy+KWU2zt8=": {
            "valueMac": {
              "type": "Buffer",
              "data": "XeTjcr4CKooi/vLQtrAakgKPnapxUC9tqYRmm3XRhXE="
            }
          },
          "QNLwWZuQjxONtEOcokH1D4x1bf97+72TnTNl5wGkwEo=": {
            "valueMac": {
              "type": "Buffer",
              "data": "dAy/eb8dJ8p0+wDSMbrZb2yLYQK1XLOutMfexIsURTg="
            }
          },
          "mL+PSpcTWbzPhembPHhqk5E3DgLsmwlXHct3IVSqSvk=": {
            "valueMac": {
              "type": "Buffer",
              "data": "OOPrbrSfVZmwFqcuGJjuwQGwmLXkGr2lz/TlK48q3Dw="
            }
          },
          "f/rdP3se26+HBmEY755HSYE9LowWW7UzsO8kY0jR+Ew=": {
            "valueMac": {
              "type": "Buffer",
              "data": "TOAjTPLqM6IWwYPKE8i4U0JOxrotNSlpjMRVcjVnwQk="
            }
          },
          "n7WEQHD8gCqh7jdJbL2TKkJg076un1gkL/2N+A5UdXs=": {
            "valueMac": {
              "type": "Buffer",
              "data": "YzfFrLVmvRoK4p67UC6e3O6rrCyw5A70g3uzczWVvdE="
            }
          },
          "HDClXJnoSYV5k2XR5+t9LR03m6N/Wpe3bw1LAbWF6FM=": {
            "valueMac": {
              "type": "Buffer",
              "data": "mlyEqs1ALWXb34i/01e24VXdMVa6s40gzhEoms9Qvjs="
            }
          },
          "r0Pc/z3lo2DiTZ25RC9ClRTEmiALoXvF/nxkS2yPIo4=": {
            "valueMac": {
              "type": "Buffer",
              "data": "5IUE4uCpfwBeraNO8EwX5j+GTzi3HljGQWlsevifdZs="
            }
          },
          "4usKbcXaPdDOwLAPWUzyx/Ir01ZB9wuCqPdzPaoLSI8=": {
            "valueMac": {
              "type": "Buffer",
              "data": "+fHK8NwwlIwG54syqYlTdAtNnpbOlH0ovjh8iQ9A36U="
            }
          },
          "oFcFke/EF748GAKMotN0rh7p5agKa4Vn3p7DrdbS4x4=": {
            "valueMac": {
              "type": "Buffer",
              "data": "RG8AzyC75RQX/T3VAutY1BQVW8XUuWKsLgoYEi6OKB8="
            }
          },
          "AydpU2fn03k19DDQRkbOLKf34YAdhsQYppUku8ZoKgc=": {
            "valueMac": {
              "type": "Buffer",
              "data": "idO1RrO+cIlC+i3BlJoUBt6Uqr9GOO1CBYTgvLkJRxo="
            }
          },
          "dwduypVOnb2O4pOBRP7ZkY+cNg6kMNuZgYjsmfvUUrg=": {
            "valueMac": {
              "type": "Buffer",
              "data": "0Uciy7ptKf+boY+1FSWB4pw42BctHSkm/Ia2qbY7Dc0="
            }
          },
          "kQKPH1ayQteILATHfdIfKRM0LHrx/z5cTbcqkjrQDIg=": {
            "valueMac": {
              "type": "Buffer",
              "data": "cFwq9/qWnGzrhVdgnAMNRo9KJpWcL/WArkVTJxKwdNY="
            }
          },
          "bAdUyzCGp+ECChGQ3Vh6h672aXCkBanLUlxlwgQNfSk=": {
            "valueMac": {
              "type": "Buffer",
              "data": "8j7ks5cCYg0ZEC5BcePHXIG6Vzw/yES7gOzxOT3QIuk="
            }
          },
          "uahKqaEX1A8Z+WxDXzA7YJ4zExBMYUao2Uz+7Prvja8=": {
            "valueMac": {
              "type": "Buffer",
              "data": "MSKEXJLkEjQSvla7iFv18kEwxQhe9JHvAWeN7Ia7r6g="
            }
          },
          "fgmWSoKtEuxhiT/MpQOYm0yRE+oXFiXC52m1RnnzEEY=": {
            "valueMac": {
              "type": "Buffer",
              "data": "L6uxEVO8EkMYpjeobU+YADJwoT1YFKqCY4B7zpi1C7c="
            }
          },
          "q8STFa78wgOjGDDJsIr0bbt/tX7ZDlFWtyPpgmUflHY=": {
            "valueMac": {
              "type": "Buffer",
              "data": "E/bcWnEpvBx+WNXqvRGW9aKP1pNP1W+urOE6K5cyAvA="
            }
          },
          "MYw8POajVgSVThQtCqZ9xRfYzgWvuhUpHaeZBpJVnsE=": {
            "valueMac": {
              "type": "Buffer",
              "data": "XdpWd3QvbWwFn1phN+UR1AbC/j1Jh16Yf3EYGRnkhrQ="
            }
          },
          "iSC7pQ6Kg+kl+271XaH5M1qeFCJXvl6uLplT93iGUzU=": {
            "valueMac": {
              "type": "Buffer",
              "data": "ngSDjOoi0SUOTGcO4uf5Coaf3POZbRNC2aQOemuiAnU="
            }
          },
          "91zl3S3O8A5gBh4JUu+ebeUy0wHC9pfo6pDH7wANbhk=": {
            "valueMac": {
              "type": "Buffer",
              "data": "2HbjoPg7vjzx+af9sYazljrwsiPQxzn6qE9kcezisD4="
            }
          },
          "oLcUzD5eth7H6vW+5kEIKMI9iQac1VCT2jD3aBKa4ag=": {
            "valueMac": {
              "type": "Buffer",
              "data": "o5N7P7sUcHulC8ObZl5gOir/7R1+hgaHZpmkGAOdTSU="
            }
          },
          "9PAd1MCY1IrBBhX7oKrMMmAHOO2vlS1+8V1t/NOxY14=": {
            "valueMac": {
              "type": "Buffer",
              "data": "BBZBVm6wRhEOHAocfU7m44BrhWBlam/w+Uz6NV5+RdA="
            }
          },
          "oyLOj83TAAIjtIthocILhkVbcoh9bAbOGHV64A/DHfQ=": {
            "valueMac": {
              "type": "Buffer",
              "data": "IOJ7RymncOZZGFX+35U3E9O5VE6UZXqyUkDnjHUMpiI="
            }
          },
          "KVh4aGev5wqZR5mHE5NgOorjGURe5fImoFpcEzuj0lA=": {
            "valueMac": {
              "type": "Buffer",
              "data": "+drDcNMmanD8hU4CK4uSgXQwnwReAVvo4Wva+4laBaI="
            }
          },
          "uVfgRZrKX4HQNocnoeOMofM+WGLJaLJZatO7lZFMYuI=": {
            "valueMac": {
              "type": "Buffer",
              "data": "/EdF4sfQSqyqYtPw22MMoPsN51edgVcdilrNB4dwSzA="
            }
          },
          "368uFHEy2vvS6sf7XGyJWNu7/ty3GEh2+X0cZXFfkTM=": {
            "valueMac": {
              "type": "Buffer",
              "data": "fBSHiYysDxOYgzDKT3MuxSMVESooo0ZG9qBGN65pB2A="
            }
          },
          "FpJ1v3WYMTXqf/gOrYQjbHegjxLFDx8tdj3x+jeoeHk=": {
            "valueMac": {
              "type": "Buffer",
              "data": "T9aT2hodCDVLVYIRVbX0E4Cdf5CMxrLskzCC4ESq724="
            }
          },
          "X08HQ8Wv3x8ps69xLffJEYbGill6sTWwLrgQU0sOEKE=": {
            "valueMac": {
              "type": "Buffer",
              "data": "XaSinKK3itoF+IQsFF0fOw34ueTxCwRzThBPiOrkTiw="
            }
          },
          "aTWAS+0XpSh+ETkulLT0hEYhJ2ke0B9upI00hugilBc=": {
            "valueMac": {
              "type": "Buffer",
              "data": "k2nzLyLqZ+YoTNGQiPNuNsDskHYi/DtO6seHTP7hyPk="
            }
          },
          "r/SJvMUumizPLYoIvbK0J0NhNy4utOR6udTDUPXGLOQ=": {
            "valueMac": {
              "type": "Buffer",
              "data": "h1nt9ZMZr0o/bwf1SWCBW/A9AY9seOfabTaDonLSFhg="
            }
          },
          "+RxPf/8v2bT3xgozc8ATHNGNPC/CieW3KSyWC2V62mA=": {
            "valueMac": {
              "type": "Buffer",
              "data": "O8WdJoKYZDOjyQXtqZ08e4ITY3d9pjnTl5Szi/MipmE="
            }
          },
          "6gFeeWC4K2Qya1nK9YeEIRS8tSVsolTSDPPdKmjkalA=": {
            "valueMac": {
              "type": "Buffer",
              "data": "6t7e33N5N0tMt9KVOiAIBZ+wjfit8bKkTUskU9xSE+8="
            }
          },
          "NDQy9vbZihVORfYIO9HsQr7HQwoAt3Td1UXxYYuU0+Q=": {
            "valueMac": {
              "type": "Buffer",
              "data": "V56sSBZuefXNQuLDfKFr8Sb7nvu1fITFjuFOem6A2+M="
            }
          },
          "n9v65k/HrkphNOFHac0uSDl5JHSjQ5W6S41GS2qPxK8=": {
            "valueMac": {
              "type": "Buffer",
              "data": "WqYWUUJJeDFyzcs7Zc2VE7XnoTDcY+v36f/3hcdPiB0="
            }
          },
          "4aaXG7adHyUSAR6iNpntWCOtmrLTjZBOSeCqckqZK2A=": {
            "valueMac": {
              "type": "Buffer",
              "data": "K8mWjiBknKEV9wXpkUqdhzk4XOMZ3jkLNFlPVq+jISg="
            }
          },
          "AXHTXameI3VOLIkcBB6Xxg/nBHbZckZ+P+UdNF7WwSc=": {
            "valueMac": {
              "type": "Buffer",
              "data": "lpcA0/fDzOrq1hnba5knoP5iHDjQnMEYNBWK1FbapaA="
            }
          },
          "NTya64AWo0x0dfzT848GQT1i/SSVY4U5Rjca4tj1lGM=": {
            "valueMac": {
              "type": "Buffer",
              "data": "cuD0FpLu6/2YXNjEBTmyc+q/YksYn5KT7xwFcQnT0CA="
            }
          },
          "8nvOK6kVqwO89AruNrkA5tXuzNTlTjuDRWONfCaOpaU=": {
            "valueMac": {
              "type": "Buffer",
              "data": "1Ae/FPP//BdwCrO/fGnCizYgmMgen/Zko7C7ngmLxrI="
            }
          },
          "VQepsdbureTlCpzML3QPpxUTJdcZ7MMwOPMD7eHuFHw=": {
            "valueMac": {
              "type": "Buffer",
              "data": "ayJ4/KKtViZPDVH8xaRLR0hvLpKUFaATMve7JybjzqA="
            }
          },
          "HnGRGQiHEo0qlwY1c6dFA0zY6HA7BLRUGn1cyPIKJ7s=": {
            "valueMac": {
              "type": "Buffer",
              "data": "Cw3i1TGbNy27Lbvz/Ux5AdcgqGRv8KW9hasjYYxzXK4="
            }
          },
          "4vQhoYYdBKWFBbDf7fmUtVoPJYrapGwFRKP2FnJ8Iwo=": {
            "valueMac": {
              "type": "Buffer",
              "data": "uZ3/08qla7dyN+V9r1bf09wLTER0bZAz0XwevPjlhk0="
            }
          },
          "NgUWj9GUWp9XM/sJsD/LaiND1DvgEuOzKtFaQfBL2Vc=": {
            "valueMac": {
              "type": "Buffer",
              "data": "mlxz/RJxVVUxOr5R65E4/T3+spoSygzRvahjNwJvYKU="
            }
          },
          "kVE3UksSJmwkuGN+0KWJZQ4C8OrRdD4sViIpGL66XxQ=": {
            "valueMac": {
              "type": "Buffer",
              "data": "7SvZmXQBP0OrnYTIazsFiDTW5GIwG/Mq11E05QGGAJo="
            }
          },
          "5O8f7DQLUYk/mz7NNiakkFJVRqVLxOg9tcYieFawyTU=": {
            "valueMac": {
              "type": "Buffer",
              "data": "jFJFzRMH2s8seQmLpHtdI7fa1Ovx28zRoafkRT2A1bM="
            }
          },
          "DtD1AUZOAX4vKqg6H/GTjWXd1oAu13BYbOvmK5zbhBU=": {
            "valueMac": {
              "type": "Buffer",
              "data": "G43JUyW9uWljeu40WnB6HFkKkuvwKm2rs3F1zUGboPs="
            }
          },
          "MNtqikSIeC/A3kHCdmXwxanlO6/Y9D3bTDsnj0A4LbQ=": {
            "valueMac": {
              "type": "Buffer",
              "data": "QrNWSUzsYbK0jrcrwpryPQ4Qron28pdesi3lIFYraHU="
            }
          },
          "w7yFxSeG5N/0gnR/PbJqfjWMiou3da38u1uxCAlBN7c=": {
            "valueMac": {
              "type": "Buffer",
              "data": "2Nq4uJ27lZ9JlZI3Z2yUV2a24blOt2rRhaYgatIfbWs="
            }
          },
          "kEWA53nOm54AtOeB5WkCA+oHNw6rRsTk3jMcTS+5T3Q=": {
            "valueMac": {
              "type": "Buffer",
              "data": "tM0xDg7J4LnrMrP7kvj6tSYfoCia+c8XU4tCOk7VF2A="
            }
          },
          "HTG/BE3GJv2ju+GKs8V1diLrSfKH2OHICfzAsVpZPyY=": {
            "valueMac": {
              "type": "Buffer",
              "data": "HI0KQE9wgSYnO31fzdocbZH4hpn4yRhBCm1Fby/kuDM="
            }
          },
          "ViS1nL2fpIv0HJRwEK8O/4eFGNS1JmYQOpJ7Jm7gTW8=": {
            "valueMac": {
              "type": "Buffer",
              "data": "5ga1lV7PLAuKkTfm2jZHqqYOBfixF8l9xH339e+yzx4="
            }
          },
          "eVar+O1lWLG8HwiGE7xUYsigaRtQV3zdBRDlKFXohNY=": {
            "valueMac": {
              "type": "Buffer",
              "data": "vovz6oWLIZa5a3i5JoTCVRLuFlCZGaQCa38vEAKGmMo="
            }
          },
          "uBi10Xf4ARxNRjgLxEyTJWwNPvayemUgCDqJ4wldlCw=": {
            "valueMac": {
              "type": "Buffer",
              "data": "kW6XgAEt3GJmWu9Oxef3tNqLL6Snk4w0YZXn/Oo0oXo="
            }
          },
          "g8s6WhjXpq+LnxGZ0tYtzXxD1cSx6r2p3d13RpuBLUc=": {
            "valueMac": {
              "type": "Buffer",
              "data": "mbwV2IcqRbJMqwqvMxlYTRotVr/q+Tzu0qSq9OESZDw="
            }
          },
          "g8CtWcjAMGEY1CmRNMQceoFnFYuGgxkCWmwRYaAop9I=": {
            "valueMac": {
              "type": "Buffer",
              "data": "9meRGEcNVPRIDgmLtH459Rh2iexy7Iz+VLZaJGuHWK8="
            }
          },
          "Z5t6+Pwljs2vF8Nnq/pE1e0zYsqb0poxOvnAxfdfAZo=": {
            "valueMac": {
              "type": "Buffer",
              "data": "iAU+1WXNsYxopV9k2kwm+5xv1SUft3kPp8MSfm2UfgU="
            }
          },
          "EueQcedIQ/YpKI9rwX4oi3m4V2mcs8EZvU0fhU9sZ38=": {
            "valueMac": {
              "type": "Buffer",
              "data": "ED77SoI0K8+iPaBdOE4rXGXNmZ5g652zJGKkMfPo2dg="
            }
          },
          "wRO6SpxcvGx+qvdzmbclWm9sJUtB+aMNwi3zP+uQLh8=": {
            "valueMac": {
              "type": "Buffer",
              "data": "xGCH+cLk7PZPUpkpojorQHrwvAYNsRpk8vxgWjNMtUA="
            }
          },
          "g1W6S39HIuoksBiQuUdCo+O3/N/xGdBi8JO5W49pi9g=": {
            "valueMac": {
              "type": "Buffer",
              "data": "g0ZK9guIbt/UE/mXOVPhTpVCOvOrb91G8mmURajotic="
            }
          },
          "vw/cwo/R+BbIkoN9VEqVQIouDhBOfVdCBck5Yr6Rv4Q=": {
            "valueMac": {
              "type": "Buffer",
              "data": "khNM0KNGSpEPPUj3KAxCEcad0s7dLNQ+X6ivnkkeyx0="
            }
          },
          "DaN5AQJ5c/ieR0mg22tceTCPLgc4024BZT2Flj0GQyk=": {
            "valueMac": {
              "type": "Buffer",
              "data": "KpjR67wFjJmfnWRkGAsAGrePTJUer1l6fE87v2zoqL8="
            }
          },
          "Ji4BppPDjkE5R5xkAynoaOz+naVp1OkbdT4uZAGwDlU=": {
            "valueMac": {
              "type": "Buffer",
              "data": "NigPO0Vc9+fK8CkcYJCFqdYXn9bvSiaNp6ZryAdOaKU="
            }
          },
          "4mT1r8RBzABiKX4+/DQKqVFJaQ8rsgQluqf3OfIRfh8=": {
            "valueMac": {
              "type": "Buffer",
              "data": "OOtATCRisWTqrbAhmPV8pmjMuVTyPrHF9+K+KNmZrfI="
            }
          },
          "u7KkwcCqFauQviwPdu1NEfjmzdSK1oM8Z/bzGX9kekU=": {
            "valueMac": {
              "type": "Buffer",
              "data": "EEv4Wx++ze2ewwanwgCMcL36koPwrwwNfZ8RoWpMh2o="
            }
          },
          "xnSTxF2R1XPZtbUXSMDAHTpZ/LewmeviAweEwtLRhOg=": {
            "valueMac": {
              "type": "Buffer",
              "data": "emYSgFNs5vlrJb4Qw26OiDRE53WN2b4qtdkBDb/t8+0="
            }
          },
          "tDDMlUGutTKlVkA/+tGkU6hnQ96sKFx7ZBFuE9MYCuA=": {
            "valueMac": {
              "type": "Buffer",
              "data": "sFlKAK3kGSLexsOWozf9VTx8aZpdkz4DvRmfIfmqhQY="
            }
          },
          "sfF4ZsLI0Jg2nm18NNWfpN4gchU23Pq6ngfw2iyZFCQ=": {
            "valueMac": {
              "type": "Buffer",
              "data": "QexmBSduCXCEl5N9zj8g5fM9RHE/VstkAma8S5s2F0w="
            }
          },
          "X+gFZcgGuBSPgynVPRnenW4OLdv4ZXYLA0i47EANoK8=": {
            "valueMac": {
              "type": "Buffer",
              "data": "RhXlZJKlN9QWZuGGyhlH/7jwaKS2ZO5qIRT0YxphD4s="
            }
          },
          "kupyu1ZWFPloLT+b9DAUnB8cuGtqHKLnRp69KAl3yMQ=": {
            "valueMac": {
              "type": "Buffer",
              "data": "hN/2fuuYxpNHPUpj23uC3dkzVpa4JqstIOo4MgfCLaQ="
            }
          },
          "R66wrsL8qODZf3Ipyjzg6ojDzDZA0suOJaxSzXeiAP4=": {
            "valueMac": {
              "type": "Buffer",
              "data": "cO0ciLtC0DWh0E6DOVvF2i8kiYlHzZwItU6caoq1//g="
            }
          },
          "n5O4y5c0Pnz9Tx7JhpZ28xEwcsqpWFDWOJCydYnUN6g=": {
            "valueMac": {
              "type": "Buffer",
              "data": "+DWhVH4IXTlBfjtLLNGYfMmd1ZbPB3tXZ2l4vjpkTEY="
            }
          },
          "Tt9y2nPdSVYOmfMALt6ETUjHro4kjlJHcA1HPPU7DIw=": {
            "valueMac": {
              "type": "Buffer",
              "data": "74rjQTrWH378TyDOJcTetqmVByqCmaNXfUDsxyffuOo="
            }
          },
          "cdRSVFWON7Jzjl9OCoce3XsnA80SpC3k07iqWbE+qK0=": {
            "valueMac": {
              "type": "Buffer",
              "data": "k0z3zXhnpqWBzE5TJtpLQkAWeKvtamgPmbMCnBT5O9c="
            }
          },
          "bf50ERP70MOd3tqPxkpXkhxtKdNRjTyr+h8sP+WDJKY=": {
            "valueMac": {
              "type": "Buffer",
              "data": "sCMJH1R8X9i2WH7VtS2Dmdf8BhtA6nKGeRSIfOyTids="
            }
          }
        }
      },
      "regular_low": {
        "version": 1,
        "hash": {
          "type": "Buffer",
          "data": "CFIdneQGqLuCXLl+xStRCOMBTmbZkg7J9OmU25wiGjVFyxVYmB1gcwTM0Wdooc6IUi/l15Lx1cBdRkrmFc4no8l4Nk5DBfBZfz7D05hjYssd9Vwr8sDddS2Hsgw5tRm1tY7WYmllOL7Td0eZFg3vgiVV1riveYWbY1u/NWz7xmE="
        },
        "indexValueMap": {
          "v7pfDcc1tMxF4hgW0LjCfh4+otuGI0bKSmWl91x25j0=": {
            "valueMac": {
              "type": "Buffer",
              "data": "qSHydHTrzCKUzBJU46+Nhv7X14bLF/MqFEcehbyYkZI="
            }
          }
        }
      }
    },
    "senderKeys": {
      "62895336763965-1633755751@g.us::6283143716780::0": [
        {
          "senderKeyId": 1674645053,
          "senderChainKey": {
            "iteration": 1,
            "seed": "+JX1654NwQwSd5CnCa0SKD6TLVc3UwP8pMSvpVGVGoo="
          },
          "senderSigningKey": {
            "public": "BQd+ulUYTelJxpa02MvxOPXIMevl1k1lq1NieJeRnjhl"
          }
        }
      ],
      "62895336763965-1633755751@g.us::6283159678423::0": [
        {
          "senderKeyId": 938824150,
          "senderChainKey": {
            "iteration": 5,
            "seed": "3q0qVFClNOdDmyi7IGUaI2oQ+kXW4SU8JOIk/SEIfbk="
          },
          "senderSigningKey": {
            "public": "BfcK0KifmHKV9qQQ5K7ypfF7X4RSqvp57xED7V19Hbkz"
          }
        }
      ],
      "120363020858493213@g.us::6281224413305::0": [
        {
          "senderKeyId": 411824020,
          "senderChainKey": {
            "iteration": 5,
            "seed": "XeYsjwLjo/XCd0bDkEduIFxu5bixf0Kq32JZkKM6Smc="
          },
          "senderSigningKey": {
            "public": "BeLrNFijN2GrNld0s6oA5h1NG2H8xaVlsF3ecumViaxX"
          }
        }
      ],
      "6288279575513-1618808091@g.us::60143017832::0": [
        {
          "senderKeyId": 244062567,
          "senderChainKey": {
            "iteration": 2,
            "seed": "y7Wv+aVuczBRVZLfxufcRaDLMOr9CAz/6Odt7JH9Bko="
          },
          "senderSigningKey": {
            "public": "BQJlFH2kV0VDZvhJpdT0UlmuCgAJoDRJAtAJij0ZcVkJ"
          }
        }
      ],
      "120363020858493213@g.us::6281224413305:6::0": [
        {
          "senderKeyId": 957628209,
          "senderChainKey": {
            "iteration": 4,
            "seed": "MLxNVBTULy0u1ROu3y0l1lPKjE+DD6Gm82wHY3bPAYA="
          },
          "senderSigningKey": {
            "public": "BVMQTs+CbrUO1+hLfO/lCnebmGG95/0x3PH3ZtXZb5cN",
            "private": "+LmWRb72hS/NTITt67b/ksjKjquf0ezSY8B9EdFkNEU="
          }
        }
      ],
      "6288279575513-1618808091@g.us::6285290030984::0": [
        {
          "senderKeyId": 386522373,
          "senderChainKey": {
            "iteration": 4,
            "seed": "6rdS9Ay+T5yPTBiCMsfpNzVBd6Lwlq65TbUBzYUV5hI="
          },
          "senderSigningKey": {
            "public": "BWHDmuuwqEIgbf3Etk7HnN+WkDpdl1hhcaPVaFNQunt0"
          }
        }
      ],
      "status@broadcast::6285363034882::0": [
        {
          "senderKeyId": 599446894,
          "senderChainKey": {
            "iteration": 15,
            "seed": "K8IC0Hxu6ytyVvdme+mcpdWfwJ4mDeG8d1xvjQBBIbc="
          },
          "senderSigningKey": {
            "public": "BULmqtKYZaLd8LXnYiq2eOXRIOlMlHSqmHyZNuYX+kkr"
          }
        }
      ],
      "status@broadcast::6289687914671::0": [
        {
          "senderKeyId": 1073412421,
          "senderChainKey": {
            "iteration": 2,
            "seed": "RmK7vla+ILh9jThardUE2C+zR5Q5E87L9jdftiwxbMs="
          },
          "senderSigningKey": {
            "public": "BQ5IEFaB5PnuVaf5rmeQyMCdz8dgHwrQ6ANX2RBr+cNQ"
          }
        }
      ]
    },
    "senderKeyMemory": {
      "120363020858493213@g.us": {
        "6289695073357@s.whatsapp.net": true,
        "6281224413305@s.whatsapp.net": true
      }
    }
  }
}